Type     Name                                                                          # reqs      # fails |    Avg     Min     Max    Med |   req/s  failures/s
--------|----------------------------------------------------------------------------|-------|-------------|-------|-------|-------|-------|--------|-----------
--------|----------------------------------------------------------------------------|-------|-------------|-------|-------|-------|-------|--------|-----------
         Aggregated                                                                         0     0(0.00%) |      0       0       0      0 |    0.00        0.00

Type     Name                                                                          # reqs      # fails |    Avg     Min     Max    Med |   req/s  failures/s
--------|----------------------------------------------------------------------------|-------|-------------|-------|-------|-------|-------|--------|-----------
--------|----------------------------------------------------------------------------|-------|-------------|-------|-------|-------|-------|--------|-----------
         Aggregated                                                                         0     0(0.00%) |      0       0       0      0 |    0.00        0.00

Type     Name                                                                          # reqs      # fails |    Avg     Min     Max    Med |   req/s  failures/s
--------|----------------------------------------------------------------------------|-------|-------------|-------|-------|-------|-------|--------|-----------
--------|----------------------------------------------------------------------------|-------|-------------|-------|-------|-------|-------|--------|-----------
         Aggregated                                                                         0     0(0.00%) |      0       0       0      0 |    0.00        0.00

Type     Name                                                                          # reqs      # fails |    Avg     Min     Max    Med |   req/s  failures/s
--------|----------------------------------------------------------------------------|-------|-------------|-------|-------|-------|-------|--------|-----------
--------|----------------------------------------------------------------------------|-------|-------------|-------|-------|-------|-------|--------|-----------
         Aggregated                                                                         0     0(0.00%) |      0       0       0      0 |    0.00        0.00

Type     Name                                                                          # reqs      # fails |    Avg     Min     Max    Med |   req/s  failures/s
--------|----------------------------------------------------------------------------|-------|-------------|-------|-------|-------|-------|--------|-----------
--------|----------------------------------------------------------------------------|-------|-------------|-------|-------|-------|-------|--------|-----------
         Aggregated                                                                         0     0(0.00%) |      0       0       0      0 |    0.00        0.00

Type     Name                                                                          # reqs      # fails |    Avg     Min     Max    Med |   req/s  failures/s
--------|----------------------------------------------------------------------------|-------|-------------|-------|-------|-------|-------|--------|-----------
--------|----------------------------------------------------------------------------|-------|-------------|-------|-------|-------|-------|--------|-----------
         Aggregated                                                                         0     0(0.00%) |      0       0       0      0 |    0.00        0.00

Type     Name                                                                          # reqs      # fails |    Avg     Min     Max    Med |   req/s  failures/s
--------|----------------------------------------------------------------------------|-------|-------------|-------|-------|-------|-------|--------|-----------
--------|----------------------------------------------------------------------------|-------|-------------|-------|-------|-------|-------|--------|-----------
         Aggregated                                                                         0     0(0.00%) |      0       0       0      0 |    0.00        0.00

Type     Name                                                                          # reqs      # fails |    Avg     Min     Max    Med |   req/s  failures/s
--------|----------------------------------------------------------------------------|-------|-------------|-------|-------|-------|-------|--------|-----------
--------|----------------------------------------------------------------------------|-------|-------------|-------|-------|-------|-------|--------|-----------
         Aggregated                                                                         0     0(0.00%) |      0       0       0      0 |    0.00        0.00

Type     Name                                                                          # reqs      # fails |    Avg     Min     Max    Med |   req/s  failures/s
--------|----------------------------------------------------------------------------|-------|-------------|-------|-------|-------|-------|--------|-----------
GET      /health                                                                            1     0(0.00%) |      8       8       8      8 |    0.00        0.00
POST     /transactions [POST]                                                               2     0(0.00%) |     52      16      89     17 |    0.00        0.00
--------|----------------------------------------------------------------------------|-------|-------------|-------|-------|-------|-------|--------|-----------
         Aggregated                                                                         3     0(0.00%) |     38       8      89     17 |    0.00        0.00

Type     Name                                                                          # reqs      # fails |    Avg     Min     Max    Med |   req/s  failures/s
--------|----------------------------------------------------------------------------|-------|-------------|-------|-------|-------|-------|--------|-----------
GET      /health                                                                            5     0(0.00%) |     15       4      49      8 |    0.00        0.00
POST     /transactions [POST]                                                               8     0(0.00%) |     35      11      89     27 |    0.00        0.00
GET      /transactions/user                                                                12     0(0.00%) |     11       6      20     10 |    0.00        0.00
--------|----------------------------------------------------------------------------|-------|-------------|-------|-------|-------|-------|--------|-----------
         Aggregated                                                                        25     0(0.00%) |     20       4      89     14 |    0.00        0.00

Type     Name                                                                          # reqs      # fails |    Avg     Min     Max    Med |   req/s  failures/s
--------|----------------------------------------------------------------------------|-------|-------------|-------|-------|-------|-------|--------|-----------
GET      /health                                                                            6     0(0.00%) |     14       4      49      6 |    0.30        0.00
POST     /transactions [POST]                                                              15     0(0.00%) |     26      11      89     17 |    0.60        0.00
GET      /transactions/user                                                                28     0(0.00%) |     16       5     100     10 |    0.40        0.00
--------|----------------------------------------------------------------------------|-------|-------------|-------|-------|-------|-------|--------|-----------
         Aggregated                                                                        49     0(0.00%) |     19       4     100     13 |    1.30        0.00

Type     Name                                                                          # reqs      # fails |    Avg     Min     Max    Med |   req/s  failures/s
--------|----------------------------------------------------------------------------|-------|-------------|-------|-------|-------|-------|--------|-----------
GET      /health                                                                            9     0(0.00%) |     11       4      49      6 |    0.50        0.00
POST     /transactions [POST]                                                              25     0(0.00%) |     22      10      89     16 |    1.20        0.00
GET      /transactions/user                                                                56     0(0.00%) |     12       4     100      9 |    2.00        0.00
--------|----------------------------------------------------------------------------|-------|-------------|-------|-------|-------|-------|--------|-----------
         Aggregated                                                                        90     0(0.00%) |     15       4     100     10 |    3.70        0.00

Type     Name                                                                          # reqs      # fails |    Avg     Min     Max    Med |   req/s  failures/s
--------|----------------------------------------------------------------------------|-------|-------------|-------|-------|-------|-------|--------|-----------
GET      /health                                                                           17     0(0.00%) |      8       3      49      5 |    0.80        0.00
POST     /transactions [POST]                                                              38     0(0.00%) |     20      10      89     16 |    1.90        0.00
GET      /transactions/user                                                                96     0(0.00%) |     13       4     100      9 |    4.40        0.00
--------|----------------------------------------------------------------------------|-------|-------------|-------|-------|-------|-------|--------|-----------
         Aggregated                                                                       151     0(0.00%) |     15       3     100     10 |    7.10        0.00

Type     Name                                                                          # reqs      # fails |    Avg     Min     Max    Med |   req/s  failures/s
--------|----------------------------------------------------------------------------|-------|-------------|-------|-------|-------|-------|--------|-----------
GET      /health                                                                           24     0(0.00%) |      7       3      49      5 |    1.30        0.00
POST     /transactions [POST]                                                              54     0(0.00%) |     19      10      89     16 |    3.20        0.00
GET      /transactions/user                                                               137     0(0.00%) |     12       4     100      9 |    7.40        0.00
--------|----------------------------------------------------------------------------|-------|-------------|-------|-------|-------|-------|--------|-----------
         Aggregated                                                                       215     0(0.00%) |     14       3     100     10 |   11.90        0.00

Type     Name                                                                          # reqs      # fails |    Avg     Min     Max    Med |   req/s  failures/s
--------|----------------------------------------------------------------------------|-------|-------------|-------|-------|-------|-------|--------|-----------
GET      /health                                                                           33     0(0.00%) |      9       3      49      6 |    2.20        0.00
POST     /transactions [POST]                                                              71     0(0.00%) |     21      10      89     16 |    4.80        0.00
GET      /transactions/user                                                               197     0(0.00%) |     13       4     100      9 |   11.70        0.00
--------|----------------------------------------------------------------------------|-------|-------------|-------|-------|-------|-------|--------|-----------
         Aggregated                                                                       301     0(0.00%) |     15       3     100     10 |   18.70        0.00

Type     Name                                                                          # reqs      # fails |    Avg     Min     Max    Med |   req/s  failures/s
--------|----------------------------------------------------------------------------|-------|-------------|-------|-------|-------|-------|--------|-----------
GET      /health                                                                           45     0(0.00%) |      9       3      49      6 |    2.50        0.00
POST     /transactions [POST]                                                              98     0(0.00%) |     22       9     123     16 |    5.60        0.00
GET      /transactions/user                                                               282     0(0.00%) |     15       4     120      9 |   16.50        0.00
--------|----------------------------------------------------------------------------|-------|-------------|-------|-------|-------|-------|--------|-----------
         Aggregated                                                                       425     0(0.00%) |     16       3     123     10 |   24.60        0.00

Type     Name                                                                          # reqs      # fails |    Avg     Min     Max    Med |   req/s  failures/s
--------|----------------------------------------------------------------------------|-------|-------------|-------|-------|-------|-------|--------|-----------
GET      /health                                                                           72     0(0.00%) |      9       3      49      6 |    3.40        0.00
POST     /transactions [POST]                                                             123     0(0.00%) |     20       9     123     16 |    7.20        0.00
GET      /transactions/user                                                               356     0(0.00%) |     14       4     120      9 |   22.40        0.00
--------|----------------------------------------------------------------------------|-------|-------------|-------|-------|-------|-------|--------|-----------
         Aggregated                                                                       551     0(0.00%) |     14       3     123     10 |   33.00        0.00

Type     Name                                                                          # reqs      # fails |    Avg     Min     Max    Med |   req/s  failures/s
--------|----------------------------------------------------------------------------|-------|-------------|-------|-------|-------|-------|--------|-----------
GET      /health                                                                           89     0(0.00%) |      9       3      49      6 |    5.10        0.00
POST     /transactions [POST]                                                             145     0(0.00%) |     20       9     123     16 |    9.10        0.00
GET      /transactions/user                                                               449     0(0.00%) |     14       4     120      9 |   27.40        0.00
--------|----------------------------------------------------------------------------|-------|-------------|-------|-------|-------|-------|--------|-----------
         Aggregated                                                                       683     0(0.00%) |     15       3     123     10 |   41.60        0.00

Type     Name                                                                          # reqs      # fails |    Avg     Min     Max    Med |   req/s  failures/s
--------|----------------------------------------------------------------------------|-------|-------------|-------|-------|-------|-------|--------|-----------
GET      /health                                                                          113     0(0.00%) |      9       2      50      6 |    6.80        0.00
POST     /transactions [POST]                                                             191     0(0.00%) |     20       9     123     16 |    9.80        0.00
GET      /transactions/user                                                               536     0(0.00%) |     14       4     120      9 |   33.00        0.00
--------|----------------------------------------------------------------------------|-------|-------------|-------|-------|-------|-------|--------|-----------
         Aggregated                                                                       840     0(0.00%) |     15       2     123     10 |   49.60        0.00

Type     Name                                                                          # reqs      # fails |    Avg     Min     Max    Med |   req/s  failures/s
--------|----------------------------------------------------------------------------|-------|-------------|-------|-------|-------|-------|--------|-----------
GET      /health                                                                          142     0(0.00%) |     10       2      64      6 |    7.50        0.00
POST     /transactions [POST]                                                             238     0(0.00%) |     20       9     123     16 |   11.90        0.00
GET      /transactions/user                                                               638     0(0.00%) |     14       4     120      9 |   37.60        0.00
--------|----------------------------------------------------------------------------|-------|-------------|-------|-------|-------|-------|--------|-----------
         Aggregated                                                                      1018     0(0.00%) |     15       2     123     10 |   57.00        0.00

Type     Name                                                                          # reqs      # fails |    Avg     Min     Max    Med |   req/s  failures/s
--------|----------------------------------------------------------------------------|-------|-------------|-------|-------|-------|-------|--------|-----------
GET      /health                                                                          166     0(0.00%) |     14       2     204      6 |    9.70        0.00
POST     /transactions [POST]                                                             276     0(0.00%) |     24       9     283     16 |   15.40        0.00
GET      /transactions/user                                                               751     0(0.00%) |     17       4     256      9 |   41.50        0.00
--------|----------------------------------------------------------------------------|-------|-------------|-------|-------|-------|-------|--------|-----------
         Aggregated                                                                      1193     0(0.00%) |     18       2     283     11 |   66.60        0.00

Type     Name                                                                          # reqs      # fails |    Avg     Min     Max    Med |   req/s  failures/s
--------|----------------------------------------------------------------------------|-------|-------------|-------|-------|-------|-------|--------|-----------
GET      /health                                                                          184     0(0.00%) |     15       2     204      7 |   11.50        0.00
POST     /transactions [POST]                                                             334     0(0.00%) |     25       9     283     16 |   17.30        0.00
GET      /transactions/user                                                               879     0(0.00%) |     17       4     256      9 |   44.80        0.00
--------|----------------------------------------------------------------------------|-------|-------------|-------|-------|-------|-------|--------|-----------
         Aggregated                                                                      1397     0(0.00%) |     19       2     283     11 |   73.60        0.00

Type     Name                                                                          # reqs      # fails |    Avg     Min     Max    Med |   req/s  failures/s
--------|----------------------------------------------------------------------------|-------|-------------|-------|-------|-------|-------|--------|-----------
GET      /health                                                                          206     0(0.00%) |     18       2     235      7 |   11.60        0.00
POST     /transactions [POST]                                                             375     0(0.00%) |     28       9     361     16 |   19.60        0.00
GET      /transactions/user                                                               995     0(0.00%) |     20       4     281     10 |   49.80        0.00
--------|----------------------------------------------------------------------------|-------|-------------|-------|-------|-------|-------|--------|-----------
         Aggregated                                                                      1576     0(0.00%) |     22       2     361     11 |   81.00        0.00

Type     Name                                                                          # reqs      # fails |    Avg     Min     Max    Med |   req/s  failures/s
--------|----------------------------------------------------------------------------|-------|-------------|-------|-------|-------|-------|--------|-----------
GET      /health                                                                          232     0(0.00%) |     18       2     235      7 |   11.30        0.00
POST     /transactions [POST]                                                             413     0(0.00%) |     29       9     361     16 |   22.50        0.00
GET      /transactions/user                                                              1107     0(0.00%) |     20       4     281     10 |   53.70        0.00
--------|----------------------------------------------------------------------------|-------|-------------|-------|-------|-------|-------|--------|-----------
         Aggregated                                                                      1752     0(0.00%) |     22       2     361     11 |   87.50        0.00

Type     Name                                                                          # reqs      # fails |    Avg     Min     Max    Med |   req/s  failures/s
--------|----------------------------------------------------------------------------|-------|-------------|-------|-------|-------|-------|--------|-----------
GET      /health                                                                          257     0(0.00%) |     24       2     239      7 |   11.90        0.00
POST     /transactions [POST]                                                             463     0(0.00%) |     33       9     401     16 |   22.20        0.00
GET      /transactions/user                                                              1205     0(0.00%) |     23       4     370     10 |   57.10        0.00
--------|----------------------------------------------------------------------------|-------|-------------|-------|-------|-------|-------|--------|-----------
         Aggregated                                                                      1925     0(0.00%) |     26       2     401     12 |   91.20        0.00

Type     Name                                                                          # reqs      # fails |    Avg     Min     Max    Med |   req/s  failures/s
--------|----------------------------------------------------------------------------|-------|-------------|-------|-------|-------|-------|--------|-----------
GET      /health                                                                          277     0(0.00%) |     23       2     239      7 |   11.50        0.00
POST     /transactions [POST]                                                             506     0(0.00%) |     32       9     401     16 |   22.40        0.00
GET      /transactions/user                                                              1327     0(0.00%) |     22       4     370     10 |   56.60        0.00
--------|----------------------------------------------------------------------------|-------|-------------|-------|-------|-------|-------|--------|-----------
         Aggregated                                                                      2110     0(0.00%) |     24       2     401     11 |   90.50        0.00

Type     Name                                                                          # reqs      # fails |    Avg     Min     Max    Med |   req/s  failures/s
--------|----------------------------------------------------------------------------|-------|-------------|-------|-------|-------|-------|--------|-----------
GET      /health                                                                          292     0(0.00%) |     22       2     239      7 |   11.10        0.00
POST     /transactions [POST]                                                             551     0(0.00%) |     31       8     401     16 |   23.00        0.00
GET      /transactions/user                                                              1459     0(0.00%) |     21       4     370     10 |   57.20        0.00
--------|----------------------------------------------------------------------------|-------|-------------|-------|-------|-------|-------|--------|-----------
         Aggregated                                                                      2302     0(0.00%) |     23       2     401     11 |   91.30        0.00

Type     Name                                                                          # reqs      # fails |    Avg     Min     Max    Med |   req/s  failures/s
--------|----------------------------------------------------------------------------|-------|-------------|-------|-------|-------|-------|--------|-----------
GET      /health                                                                          318     0(0.00%) |     21       2     239      7 |   11.20        0.00
POST     /transactions [POST]                                                             597     0(0.00%) |     30       8     401     16 |   21.90        0.00
GET      /transactions/user                                                              1580     0(0.00%) |     20       4     370     10 |   57.90        0.00
--------|----------------------------------------------------------------------------|-------|-------------|-------|-------|-------|-------|--------|-----------
         Aggregated                                                                      2495     0(0.00%) |     23       2     401     11 |   91.00        0.00

Type     Name                                                                          # reqs      # fails |    Avg     Min     Max    Med |   req/s  failures/s
--------|----------------------------------------------------------------------------|-------|-------------|-------|-------|-------|-------|--------|-----------
GET      /health                                                                          338     0(0.00%) |     22       2     239      7 |   11.20        0.00
POST     /transactions [POST]                                                             651     0(0.00%) |     30       8     401     16 |   22.20        0.00
GET      /transactions/user                                                              1681     0(0.00%) |     21       4     370     10 |   58.50        0.00
--------|----------------------------------------------------------------------------|-------|-------------|-------|-------|-------|-------|--------|-----------
         Aggregated                                                                      2670     0(0.00%) |     23       2     401     12 |   91.90        0.00

Type     Name                                                                          # reqs      # fails |    Avg     Min     Max    Med |   req/s  failures/s
--------|----------------------------------------------------------------------------|-------|-------------|-------|-------|-------|-------|--------|-----------
GET      /health                                                                          357     0(0.00%) |     21       2     239      7 |   10.60        0.00
POST     /transactions [POST]                                                             697     0(0.00%) |     30       8     401     16 |   23.10        0.00
GET      /transactions/user                                                              1790     0(0.00%) |     21       4     370     10 |   56.80        0.00
--------|----------------------------------------------------------------------------|-------|-------------|-------|-------|-------|-------|--------|-----------
         Aggregated                                                                      2844     0(0.00%) |     23       2     401     12 |   90.50        0.00

Type     Name                                                                          # reqs      # fails |    Avg     Min     Max    Med |   req/s  failures/s
--------|----------------------------------------------------------------------------|-------|-------------|-------|-------|-------|-------|--------|-----------
GET      /health                                                                          381     0(0.00%) |     20       2     239      7 |   10.00        0.00
POST     /transactions [POST]                                                             751     0(0.00%) |     29       8     401     16 |   23.50        0.00
GET      /transactions/user                                                              1898     0(0.00%) |     21       4     370     10 |   58.60        0.00
--------|----------------------------------------------------------------------------|-------|-------------|-------|-------|-------|-------|--------|-----------
         Aggregated                                                                      3030     0(0.00%) |     23       2     401     12 |   92.10        0.00

Type     Name                                                                          # reqs      # fails |    Avg     Min     Max    Med |   req/s  failures/s
--------|----------------------------------------------------------------------------|-------|-------------|-------|-------|-------|-------|--------|-----------
GET      /health                                                                          405     0(0.00%) |     22       2     264      7 |    9.90        0.00
POST     /transactions [POST]                                                             796     0(0.00%) |     33       8     476     16 |   22.90        0.00
GET      /transactions/user                                                              1980     0(0.00%) |     22       4     433     10 |   58.00        0.00
--------|----------------------------------------------------------------------------|-------|-------------|-------|-------|-------|-------|--------|-----------
         Aggregated                                                                      3181     0(0.00%) |     25       2     476     12 |   90.80        0.00

Type     Name                                                                          # reqs      # fails |    Avg     Min     Max    Med |   req/s  failures/s
--------|----------------------------------------------------------------------------|-------|-------------|-------|-------|-------|-------|--------|-----------
GET      /health                                                                          438     0(0.00%) |     23       2     264      7 |   11.30        0.00
POST     /transactions [POST]                                                             854     0(0.00%) |     35       8     476     16 |   24.50        0.00
GET      /transactions/user                                                              2092     0(0.00%) |     22       4     433     10 |   52.20        0.00
--------|----------------------------------------------------------------------------|-------|-------------|-------|-------|-------|-------|--------|-----------
         Aggregated                                                                      3384     0(0.00%) |     25       2     476     12 |   88.00        0.00

Type     Name                                                                          # reqs      # fails |    Avg     Min     Max    Med |   req/s  failures/s
--------|----------------------------------------------------------------------------|-------|-------------|-------|-------|-------|-------|--------|-----------
GET      /health                                                                          465     0(0.00%) |     23       2     264      7 |   11.90        0.00
POST     /transactions [POST]                                                             893     0(0.00%) |     35       8     476     16 |   25.60        0.00
GET      /transactions/user                                                              2216     0(0.00%) |     22       4     433     10 |   51.20        0.00
--------|----------------------------------------------------------------------------|-------|-------------|-------|-------|-------|-------|--------|-----------
         Aggregated                                                                      3574     0(0.00%) |     26       2     476     12 |   88.70        0.00

Type     Name                                                                          # reqs      # fails |    Avg     Min     Max    Med |   req/s  failures/s
--------|----------------------------------------------------------------------------|-------|-------------|-------|-------|-------|-------|--------|-----------
GET      /health                                                                          489     0(0.00%) |     23       2     264      7 |   12.90        0.00
POST     /transactions [POST]                                                             935     0(0.00%) |     35       8     476     16 |   24.20        0.00
GET      /transactions/user                                                              2329     0(0.00%) |     22       4     433     10 |   53.40        0.00
--------|----------------------------------------------------------------------------|-------|-------------|-------|-------|-------|-------|--------|-----------
         Aggregated                                                                      3753     0(0.00%) |     26       2     476     12 |   90.50        0.00

Type     Name                                                                          # reqs      # fails |    Avg     Min     Max    Med |   req/s  failures/s
--------|----------------------------------------------------------------------------|-------|-------------|-------|-------|-------|-------|--------|-----------
GET      /health                                                                          512     0(0.00%) |     22       2     264      7 |   13.10        0.00
POST     /transactions [POST]                                                             992     0(0.00%) |     35       8     476     16 |   23.50        0.00
GET      /transactions/user                                                              2438     0(0.00%) |     22       4     433     10 |   53.70        0.00
--------|----------------------------------------------------------------------------|-------|-------------|-------|-------|-------|-------|--------|-----------
         Aggregated                                                                      3942     0(0.00%) |     25       2     476     12 |   90.30        0.00

Type     Name                                                                          # reqs      # fails |    Avg     Min     Max    Med |   req/s  failures/s
--------|----------------------------------------------------------------------------|-------|-------------|-------|-------|-------|-------|--------|-----------
GET      /health                                                                          534     0(0.00%) |     22       2     264      7 |   13.10        0.00
POST     /transactions [POST]                                                            1034     0(0.00%) |     34       8     476     16 |   24.10        0.00
GET      /transactions/user                                                              2568     0(0.00%) |     22       4     433     10 |   54.20        0.00
--------|----------------------------------------------------------------------------|-------|-------------|-------|-------|-------|-------|--------|-----------
         Aggregated                                                                      4136     0(0.00%) |     25       2     476     12 |   91.40        0.00

Type     Name                                                                          # reqs      # fails |    Avg     Min     Max    Med |   req/s  failures/s
--------|----------------------------------------------------------------------------|-------|-------------|-------|-------|-------|-------|--------|-----------
GET      /health                                                                          558     0(0.00%) |     21       2     264      7 |   12.80        0.00
POST     /transactions [POST]                                                            1086     0(0.00%) |     33       8     476     16 |   23.80        0.00
GET      /transactions/user                                                              2686     0(0.00%) |     34       4   34137     10 |   58.80        0.00
--------|----------------------------------------------------------------------------|-------|-------------|-------|-------|-------|-------|--------|-----------
         Aggregated                                                                      4330     0(0.00%) |     32       2   34137     12 |   95.40        0.00

Type     Name                                                                          # reqs      # fails |    Avg     Min     Max    Med |   req/s  failures/s
--------|----------------------------------------------------------------------------|-------|-------------|-------|-------|-------|-------|--------|-----------
GET      /health                                                                          586     0(0.00%) |     21       2     264      7 |   12.10        0.00
POST     /transactions [POST]                                                            1145     0(0.00%) |    610       8   34864     16 |   23.30        0.00
GET      /transactions/user                                                              2876     0(0.00%) |    717       4   34861     10 |   59.30        0.00
--------|----------------------------------------------------------------------------|-------|-------------|-------|-------|-------|-------|--------|-----------
         Aggregated                                                                      4607     0(0.00%) |    602       2   34864     12 |   94.70        0.00

Type     Name                                                                          # reqs      # fails |    Avg     Min     Max    Med |   req/s  failures/s
--------|----------------------------------------------------------------------------|-------|-------------|-------|-------|-------|-------|--------|-----------
GET      /health                                                                          670     0(0.00%) |     37       2     652      8 |   12.10        0.00
POST     /transactions [POST]                                                            1292     0(0.00%) |    785       8   34864     17 |   24.20        0.00
GET      /transactions/user                                                              3244     0(0.00%) |    733       4   34861     11 |   63.40        0.00
--------|----------------------------------------------------------------------------|-------|-------------|-------|-------|-------|-------|--------|-----------
         Aggregated                                                                      5206     0(0.00%) |    657       2   34864     13 |   99.70        0.00

Type     Name                                                                          # reqs      # fails |    Avg     Min     Max    Med |   req/s  failures/s
--------|----------------------------------------------------------------------------|-------|-------------|-------|-------|-------|-------|--------|-----------
GET      /health                                                                          771     0(0.00%) |     42       2     652      9 |   17.30        0.00
POST     /transactions [POST]                                                            1481     0(0.00%) |    702       8   34864     20 |   35.90        0.00
GET      /transactions/user                                                              3697     0(0.00%) |    658       4   34861     13 |   91.10        0.00
--------|----------------------------------------------------------------------------|-------|-------------|-------|-------|-------|-------|--------|-----------
         Aggregated                                                                      5949     0(0.00%) |    589       2   34864     16 |  144.30        0.00

Type     Name                                                                          # reqs      # fails |    Avg     Min     Max    Med |   req/s  failures/s
--------|----------------------------------------------------------------------------|-------|-------------|-------|-------|-------|-------|--------|-----------
GET      /health                                                                          868     0(0.00%) |     47       2     652     12 |   25.50        0.00
POST     /transactions [POST]                                                            1672     0(0.00%) |    636       7   34864     26 |   48.70        0.00
GET      /transactions/user                                                              4147     0(0.00%) |    597       4   34861     16 |  125.20        0.00
--------|----------------------------------------------------------------------------|-------|-------------|-------|-------|-------|-------|--------|-----------
         Aggregated                                                                      6687     0(0.00%) |    535       2   34864     18 |  199.40        0.00

Type     Name                                                                          # reqs      # fails |    Avg     Min     Max    Med |   req/s  failures/s
--------|----------------------------------------------------------------------------|-------|-------------|-------|-------|-------|-------|--------|-----------
GET      /health                                                                          954     0(0.00%) |     52       2     652     18 |   33.20        0.00
POST     /transactions [POST]                                                            1831     0(0.00%) |    597       7   34864     32 |   63.20        0.00
GET      /transactions/user                                                              4555     0(0.00%) |    556       4   34861     22 |  156.80        0.00
--------|----------------------------------------------------------------------------|-------|-------------|-------|-------|-------|-------|--------|-----------
         Aggregated                                                                      7340     0(0.00%) |    500       2   34864     24 |  253.20        0.00

Type     Name                                                                          # reqs      # fails |    Avg     Min     Max    Med |   req/s  failures/s
--------|----------------------------------------------------------------------------|-------|-------------|-------|-------|-------|-------|--------|-----------
GET      /health                                                                         1039     0(0.00%) |     60       2     652     26 |   39.40        0.00
POST     /transactions [POST]                                                            2004     0(0.00%) |    563       7   34864     43 |   73.20        0.00
GET      /transactions/user                                                              4942     0(0.00%) |    526       4   34861     28 |  185.50        0.00
--------|----------------------------------------------------------------------------|-------|-------------|-------|-------|-------|-------|--------|-----------
         Aggregated                                                                      7985     0(0.00%) |    475       2   34864     31 |  298.10        0.00

Type     Name                                                                          # reqs      # fails |    Avg     Min     Max    Med |   req/s  failures/s
--------|----------------------------------------------------------------------------|-------|-------------|-------|-------|-------|-------|--------|-----------
GET      /health                                                                         1107     0(0.00%) |     62       2     652     30 |   44.90        0.00
POST     /transactions [POST]                                                            2197     0(0.00%) |    523       7   34864     49 |   84.60        0.00
GET      /transactions/user                                                              5383     0(0.00%) |    491       4   34861     35 |  203.90        0.00
--------|----------------------------------------------------------------------------|-------|-------------|-------|-------|-------|-------|--------|-----------
         Aggregated                                                                      8687     0(0.00%) |    444       2   34864     37 |  333.40        0.00

Type     Name                                                                          # reqs      # fails |    Avg     Min     Max    Med |   req/s  failures/s
--------|----------------------------------------------------------------------------|-------|-------------|-------|-------|-------|-------|--------|-----------
GET      /health                                                                         1205     0(0.00%) |     64       2     652     35 |   44.40        0.00
POST     /transactions [POST]                                                            2366     0(0.00%) |    496       7   34864     57 |   89.60        0.00
GET      /transactions/user                                                              5852     0(0.00%) |    461       4   34861     43 |  212.50        0.00
--------|----------------------------------------------------------------------------|-------|-------------|-------|-------|-------|-------|--------|-----------
         Aggregated                                                                      9423     0(0.00%) |    419       2   34864     45 |  346.50        0.00

Type     Name                                                                          # reqs      # fails |    Avg     Min     Max    Med |   req/s  failures/s
--------|----------------------------------------------------------------------------|-------|-------------|-------|-------|-------|-------|--------|-----------
GET      /health                                                                         1296     0(0.00%) |     66       2     652     35 |   42.90        0.00
POST     /transactions [POST]                                                            2545     0(0.00%) |    469       6   34864     56 |   86.60        0.00
GET      /transactions/user                                                              6296     0(0.00%) |    436       4   34861     43 |  210.00        0.00
--------|----------------------------------------------------------------------------|-------|-------------|-------|-------|-------|-------|--------|-----------
         Aggregated                                                                     10137     0(0.00%) |    397       2   34864     44 |  339.50        0.00

Type     Name                                                                          # reqs      # fails |    Avg     Min     Max    Med |   req/s  failures/s
--------|----------------------------------------------------------------------------|-------|-------------|-------|-------|-------|-------|--------|-----------
GET      /health                                                                         1377     0(0.00%) |     68       2     652     38 |   41.70        0.00
POST     /transactions [POST]                                                            2707     0(0.00%) |    450       6   34864     64 |   86.40        0.00
GET      /transactions/user                                                              6732     0(0.00%) |    416       4   34861     48 |  213.50        0.00
--------|----------------------------------------------------------------------------|-------|-------------|-------|-------|-------|-------|--------|-----------
         Aggregated                                                                     10816     0(0.00%) |    381       2   34864     50 |  341.60        0.00

Type     Name                                                                          # reqs      # fails |    Avg     Min     Max    Med |   req/s  failures/s
--------|----------------------------------------------------------------------------|-------|-------------|-------|-------|-------|-------|--------|-----------
GET      /health                                                                         1479     0(0.00%) |     69       2     652     39 |   42.50        0.00
POST     /transactions [POST]                                                            2912     0(0.00%) |    426       6   34864     64 |   87.80        0.00
GET      /transactions/user                                                              7200     0(0.00%) |    395       4   34861     49 |  216.10        0.00
--------|----------------------------------------------------------------------------|-------|-------------|-------|-------|-------|-------|--------|-----------
         Aggregated                                                                     11591     0(0.00%) |    362       2   34864     51 |  346.40        0.00

Type     Name                                                                          # reqs      # fails |    Avg     Min     Max    Med |   req/s  failures/s
--------|----------------------------------------------------------------------------|-------|-------------|-------|-------|-------|-------|--------|-----------
GET      /health                                                                         1571     0(0.00%) |     73       2     652     44 |   43.30        0.00
POST     /transactions [POST]                                                            3065     0(0.00%) |    415       6   34864     69 |   90.90        0.00
GET      /transactions/user                                                              7576     0(0.00%) |    384       4   34861     52 |  226.40        0.00
--------|----------------------------------------------------------------------------|-------|-------------|-------|-------|-------|-------|--------|-----------
         Aggregated                                                                     12212     0(0.00%) |    351       2   34864     54 |  360.60        0.00

Type     Name                                                                          # reqs      # fails |    Avg     Min     Max    Med |   req/s  failures/s
--------|----------------------------------------------------------------------------|-------|-------------|-------|-------|-------|-------|--------|-----------
GET      /health                                                                         1650     0(0.00%) |     74       2     652     47 |   45.70        0.00
POST     /transactions [POST]                                                            3229     0(0.00%) |    400       6   34864     72 |   85.40        0.00
GET      /transactions/user                                                              8012     0(0.00%) |    368       4   34861     55 |  215.20        0.00
--------|----------------------------------------------------------------------------|-------|-------------|-------|-------|-------|-------|--------|-----------
         Aggregated                                                                     12891     0(0.00%) |    338       2   34864     57 |  346.30        0.00

Type     Name                                                                          # reqs      # fails |    Avg     Min     Max    Med |   req/s  failures/s
--------|----------------------------------------------------------------------------|-------|-------------|-------|-------|-------|-------|--------|-----------
GET      /health                                                                         1731     0(0.00%) |     76       2     652     51 |   44.50        0.00
POST     /transactions [POST]                                                            3398     0(0.00%) |    389       6   34864     76 |   87.80        0.00
GET      /transactions/user                                                              8490     0(0.00%) |    355       4   34861     59 |  219.50        0.00
--------|----------------------------------------------------------------------------|-------|-------------|-------|-------|-------|-------|--------|-----------
         Aggregated                                                                     13619     0(0.00%) |    328       2   34864     61 |  351.80        0.00

Type     Name                                                                          # reqs      # fails |    Avg     Min     Max    Med |   req/s  failures/s
--------|----------------------------------------------------------------------------|-------|-------------|-------|-------|-------|-------|--------|-----------
GET      /health                                                                         1824     0(0.00%) |     78       2     652     52 |   43.90        0.00
POST     /transactions [POST]                                                            3563     0(0.00%) |    377       6   34864     78 |   84.60        0.00
GET      /transactions/user                                                              8945     0(0.00%) |    342       4   34861     60 |  215.70        0.00
--------|----------------------------------------------------------------------------|-------|-------------|-------|-------|-------|-------|--------|-----------
         Aggregated                                                                     14332     0(0.00%) |    317       2   34864     62 |  344.20        0.00

Type     Name                                                                          # reqs      # fails |    Avg     Min     Max    Med |   req/s  failures/s
--------|----------------------------------------------------------------------------|-------|-------------|-------|-------|-------|-------|--------|-----------
GET      /health                                                                         1905     0(0.00%) |     79       2     652     55 |   43.20        0.00
POST     /transactions [POST]                                                            3741     0(0.00%) |    367       6   34864     85 |   84.30        0.00
GET      /transactions/user                                                              9383     0(0.00%) |    333       4   34861     64 |  218.00        0.00
--------|----------------------------------------------------------------------------|-------|-------------|-------|-------|-------|-------|--------|-----------
         Aggregated                                                                     15029     0(0.00%) |    309       2   34864     67 |  345.50        0.00

Type     Name                                                                          # reqs      # fails |    Avg     Min     Max    Med |   req/s  failures/s
--------|----------------------------------------------------------------------------|-------|-------------|-------|-------|-------|-------|--------|-----------
GET      /health                                                                         1976     0(0.00%) |     80       2     652     56 |   42.40        0.00
POST     /transactions [POST]                                                            3916     0(0.00%) |    358       6   34864     88 |   81.70        0.00
GET      /transactions/user                                                              9822     0(0.00%) |    324       4   34861     67 |  215.60        0.00
--------|----------------------------------------------------------------------------|-------|-------------|-------|-------|-------|-------|--------|-----------
         Aggregated                                                                     15714     0(0.00%) |    302       2   34864     70 |  339.70        0.00

Type     Name                                                                          # reqs      # fails |    Avg     Min     Max    Med |   req/s  failures/s
--------|----------------------------------------------------------------------------|-------|-------------|-------|-------|-------|-------|--------|-----------
GET      /health                                                                         2085     0(0.00%) |     80       2     652     58 |   40.70        0.00
POST     /transactions [POST]                                                            4102     0(0.00%) |    347       6   34864     89 |   83.30        0.00
GET      /transactions/user                                                             10253     0(0.00%) |    314       4   34861     69 |  222.00        0.00
--------|----------------------------------------------------------------------------|-------|-------------|-------|-------|-------|-------|--------|-----------
         Aggregated                                                                     16440     0(0.00%) |    293       2   34864     72 |  346.00        0.00

Type     Name                                                                          # reqs      # fails |    Avg     Min     Max    Med |   req/s  failures/s
--------|----------------------------------------------------------------------------|-------|-------------|-------|-------|-------|-------|--------|-----------
GET      /health                                                                         2183     0(0.00%) |     80       2     652     58 |   43.50        0.00
POST     /transactions [POST]                                                            4283     0(0.00%) |    336       6   34864     87 |   84.90        0.00
GET      /transactions/user                                                             10715     0(0.00%) |    304       4   34861     69 |  221.50        0.00
--------|----------------------------------------------------------------------------|-------|-------------|-------|-------|-------|-------|--------|-----------
         Aggregated                                                                     17181     0(0.00%) |    284       2   34864     71 |  349.90        0.00

Type     Name                                                                          # reqs      # fails |    Avg     Min     Max    Med |   req/s  failures/s
--------|----------------------------------------------------------------------------|-------|-------------|-------|-------|-------|-------|--------|-----------
GET      /health                                                                         2287     0(0.00%) |     79       2     652     58 |   45.20        0.00
POST     /transactions [POST]                                                            4468     0(0.00%) |    325       6   34864     84 |   88.40        0.00
GET      /transactions/user                                                             11209     0(0.00%) |    295       4   34861     68 |  224.80        0.00
--------|----------------------------------------------------------------------------|-------|-------------|-------|-------|-------|-------|--------|-----------
         Aggregated                                                                     17964     0(0.00%) |    275       2   34864     70 |  358.40        0.00

Type     Name                                                                          # reqs      # fails |    Avg     Min     Max    Med |   req/s  failures/s
--------|----------------------------------------------------------------------------|-------|-------------|-------|-------|-------|-------|--------|-----------
GET      /health                                                                         2379     0(0.00%) |     80       2     652     60 |   46.30        0.00
POST     /transactions [POST]                                                            4640     0(0.00%) |    318       6   34864     87 |   91.00        0.00
GET      /transactions/user                                                             11638     0(0.00%) |    288       4   34861     70 |  227.50        0.00
--------|----------------------------------------------------------------------------|-------|-------------|-------|-------|-------|-------|--------|-----------
         Aggregated                                                                     18657     0(0.00%) |    269       2   34864     72 |  364.80        0.00

Type     Name                                                                          # reqs      # fails |    Avg     Min     Max    Med |   req/s  failures/s
--------|----------------------------------------------------------------------------|-------|-------------|-------|-------|-------|-------|--------|-----------
GET      /health                                                                         2465     0(0.00%) |     81       2     652     61 |   47.90        0.00
POST     /transactions [POST]                                                            4828     0(0.00%) |    311       6   34864     88 |   92.40        0.00
GET      /transactions/user                                                             12091     0(0.00%) |    282       4   34861     72 |  230.50        0.00
--------|----------------------------------------------------------------------------|-------|-------------|-------|-------|-------|-------|--------|-----------
         Aggregated                                                                     19384     0(0.00%) |    264       2   34864     74 |  370.80        0.00

Type     Name                                                                          # reqs      # fails |    Avg     Min     Max    Med |   req/s  failures/s
--------|----------------------------------------------------------------------------|-------|-------------|-------|-------|-------|-------|--------|-----------
GET      /health                                                                         2539     0(0.00%) |     82       2     652     64 |   21.17        0.00
POST     /transactions [POST]                                                            4968     0(0.00%) |    307       6   34864     90 |   41.43        0.00
GET      /transactions/user                                                             12398     0(0.00%) |    279       4   34861     74 |  103.39        0.00
--------|----------------------------------------------------------------------------|-------|-------------|-------|-------|-------|-------|--------|-----------
         Aggregated                                                                     19905     0(0.00%) |    261       2   34864     75 |  165.99        0.00

Response time percentiles (approximated)
Type     Name                                                                                  50%    66%    75%    80%    90%    95%    98%    99%  99.9% 99.99%   100% # reqs
--------|--------------------------------------------------------------------------------|--------|------|------|------|------|------|------|------|------|------|------|------
GET      /health                                                                                64     98    120    140    190    230    290    320    450    650    650   2539
POST     /transactions [POST]                                                                   90    140    170    200    280    340    430    530  35000  35000  35000   4968
GET      /transactions/user                                                                     74    110    140    170    230    300    380    450  34000  35000  35000  12398
--------|--------------------------------------------------------------------------------|--------|------|------|------|------|------|------|------|------|------|------|------
         Aggregated                                                                             75    120    150    170    240    300    390    450  34000  35000  35000  19905

Type     Name                                                                          # reqs      # fails |    Avg     Min     Max    Med |   req/s  failures/s
--------|----------------------------------------------------------------------------|-------|-------------|-------|-------|-------|-------|--------|-----------
--------|----------------------------------------------------------------------------|-------|-------------|-------|-------|-------|-------|--------|-----------
         Aggregated                                                                         0     0(0.00%) |      0       0       0      0 |    0.00        0.00

Type     Name                                                                          # reqs      # fails |    Avg     Min     Max    Med |   req/s  failures/s
--------|----------------------------------------------------------------------------|-------|-------------|-------|-------|-------|-------|--------|-----------
--------|----------------------------------------------------------------------------|-------|-------------|-------|-------|-------|-------|--------|-----------
         Aggregated                                                                         0     0(0.00%) |      0       0       0      0 |    0.00        0.00

Type     Name                                                                          # reqs      # fails |    Avg     Min     Max    Med |   req/s  failures/s
--------|----------------------------------------------------------------------------|-------|-------------|-------|-------|-------|-------|--------|-----------
POST     /users                                                                             5     0(0.00%) |   3900    3899    3901   3900 |    0.00        0.00
--------|----------------------------------------------------------------------------|-------|-------------|-------|-------|-------|-------|--------|-----------
         Aggregated                                                                         5     0(0.00%) |   3900    3899    3901   3900 |    0.00        0.00

Type     Name                                                                          # reqs      # fails |    Avg     Min     Max    Med |   req/s  failures/s
--------|----------------------------------------------------------------------------|-------|-------------|-------|-------|-------|-------|--------|-----------
POST     /users                                                                             5     0(0.00%) |   3900    3899    3901   3900 |    0.00        0.00
--------|----------------------------------------------------------------------------|-------|-------------|-------|-------|-------|-------|--------|-----------
         Aggregated                                                                         5     0(0.00%) |   3900    3899    3901   3900 |    0.00        0.00

Type     Name                                                                          # reqs      # fails |    Avg     Min     Max    Med |   req/s  failures/s
--------|----------------------------------------------------------------------------|-------|-------------|-------|-------|-------|-------|--------|-----------
POST     /users                                                                            20     0(0.00%) |   5467    3899    6829   5400 |    0.83        0.00
--------|----------------------------------------------------------------------------|-------|-------------|-------|-------|-------|-------|--------|-----------
         Aggregated                                                                        20     0(0.00%) |   5467    3899    6829   5400 |    0.83        0.00

Type     Name                                                                          # reqs      # fails |    Avg     Min     Max    Med |   req/s  failures/s
--------|----------------------------------------------------------------------------|-------|-------------|-------|-------|-------|-------|--------|-----------
POST     /auth/login                                                                        4     0(0.00%) |   5857    5651    6063   5700 |    0.00        0.00
POST     /users                                                                            24     0(0.00%) |   5857    3899    7966   5900 |    2.25        0.00
--------|----------------------------------------------------------------------------|-------|-------------|-------|-------|-------|-------|--------|-----------
         Aggregated                                                                        28     0(0.00%) |   5857    3899    7966   5900 |    2.25        0.00

Type     Name                                                                          # reqs      # fails |    Avg     Min     Max    Med |   req/s  failures/s
--------|----------------------------------------------------------------------------|-------|-------------|-------|-------|-------|-------|--------|-----------
POST     /auth/login                                                                        6     0(0.00%) |   5475    4504    6063   5700 |    0.00        0.00
POST     /users                                                                            27     0(0.00%) |   6085    3899    8364   6200 |    2.22        0.00
--------|----------------------------------------------------------------------------|-------|-------------|-------|-------|-------|-------|--------|-----------
         Aggregated                                                                        33     0(0.00%) |   5974    3899    8364   5900 |    2.22        0.00

Type     Name                                                                          # reqs      # fails |    Avg     Min     Max    Med |   req/s  failures/s
--------|----------------------------------------------------------------------------|-------|-------------|-------|-------|-------|-------|--------|-----------
POST     /auth/login                                                                        9     0(0.00%) |   5533    4504    6063   5700 |    0.60        0.00
POST     /users                                                                            34     0(0.00%) |   7074    3899   11989   6400 |    2.70        0.00
--------|----------------------------------------------------------------------------|-------|-------------|-------|-------|-------|-------|--------|-----------
         Aggregated                                                                        43     0(0.00%) |   6752    3899   11989   6100 |    3.30        0.00

Type     Name                                                                          # reqs      # fails |    Avg     Min     Max    Med |   req/s  failures/s
--------|----------------------------------------------------------------------------|-------|-------------|-------|-------|-------|-------|--------|-----------
POST     /auth/login                                                                       14     0(0.00%) |   6102    4504    8683   5700 |    0.70        0.00
POST     /users                                                                            36     0(0.00%) |   7300    3899   11989   6400 |    2.90        0.00
--------|----------------------------------------------------------------------------|-------|-------------|-------|-------|-------|-------|--------|-----------
         Aggregated                                                                        50     0(0.00%) |   6964    3899   11989   6200 |    3.60        0.00

Type     Name                                                                          # reqs      # fails |    Avg     Min     Max    Med |   req/s  failures/s
--------|----------------------------------------------------------------------------|-------|-------------|-------|-------|-------|-------|--------|-----------
POST     /auth/login                                                                       16     0(0.00%) |   6041    4504    8683   5700 |    1.00        0.00
GET      /me                                                                                1     0(0.00%) |   1907    1907    1907   1907 |    0.00        0.00
POST     /users                                                                            40     0(0.00%) |   7935    3899   15537   6800 |    2.90        0.00
--------|----------------------------------------------------------------------------|-------|-------------|-------|-------|-------|-------|--------|-----------
         Aggregated                                                                        57     0(0.00%) |   7298    1907   15537   6200 |    3.90        0.00

Type     Name                                                                          # reqs      # fails |    Avg     Min     Max    Med |   req/s  failures/s
--------|----------------------------------------------------------------------------|-------|-------------|-------|-------|-------|-------|--------|-----------
POST     /auth/login                                                                       22     0(0.00%) |   6125    4504   11094   5700 |    1.50        0.00
GET      /me                                                                                3     0(0.00%) |   4069    1283    9018   1900 |    0.00        0.00
POST     /users                                                                            45     0(0.00%) |   8664    3899   15537   8000 |    2.10        0.00
--------|----------------------------------------------------------------------------|-------|-------------|-------|-------|-------|-------|--------|-----------
         Aggregated                                                                        70     0(0.00%) |   7669    1283   15537   6200 |    3.60        0.00

Type     Name                                                                          # reqs      # fails |    Avg     Min     Max    Med |   req/s  failures/s
--------|----------------------------------------------------------------------------|-------|-------------|-------|-------|-------|-------|--------|-----------
POST     /auth/login                                                                       25     0(0.00%) |   5967    4504   11094   5700 |    2.00        0.00
POST     /auth/refresh                                                                      1   1(100.00%) |   8488    8488    8488   8488 |    0.00        0.00
GET      /me                                                                                3     0(0.00%) |   4069    1283    9018   1900 |    0.30        0.00
POST     /users                                                                            51     0(0.00%) |   9559    3899   17831   8200 |    2.40        0.00
--------|----------------------------------------------------------------------------|-------|-------------|-------|-------|-------|-------|--------|-----------
         Aggregated                                                                        80     1(1.25%) |   8217    1283   17831   6400 |    4.70        0.00

Type     Name                                                                          # reqs      # fails |    Avg     Min     Max    Med |   req/s  failures/s
--------|----------------------------------------------------------------------------|-------|-------------|-------|-------|-------|-------|--------|-----------
POST     /auth/login                                                                       27     0(0.00%) |   6213    4504   13723   5700 |    1.80        0.00
POST     /auth/refresh                                                                      2   2(100.00%) |   6465    4442    8488   4442 |    0.00        0.00
GET      /me                                                                                3     0(0.00%) |   4069    1283    9018   1900 |    0.30        0.00
POST     /users                                                                            55     0(0.00%) |  10150    3899   17912   9400 |    2.20        0.00
--------|----------------------------------------------------------------------------|-------|-------------|-------|-------|-------|-------|--------|-----------
         Aggregated                                                                        87     2(2.30%) |   8634    1283   17912   6800 |    4.30        0.00

Type     Name                                                                          # reqs      # fails |    Avg     Min     Max    Med |   req/s  failures/s
--------|----------------------------------------------------------------------------|-------|-------------|-------|-------|-------|-------|--------|-----------
POST     /auth/login                                                                       31     0(0.00%) |   6117    4504   13723   5500 |    1.70        0.00
POST     /auth/refresh                                                                      2   2(100.00%) |   6465    4442    8488   4442 |    0.20        0.20
GET      /me                                                                                3     0(0.00%) |   4069    1283    9018   1900 |    0.30        0.00
POST     /users                                                                            59     0(0.00%) |  10750    3899   19859  11000 |    2.40        0.00
--------|----------------------------------------------------------------------------|-------|-------------|-------|-------|-------|-------|--------|-----------
         Aggregated                                                                        95     2(2.11%) |   8937    1283   19859   6800 |    4.60        0.20

Type     Name                                                                          # reqs      # fails |    Avg     Min     Max    Med |   req/s  failures/s
--------|----------------------------------------------------------------------------|-------|-------------|-------|-------|-------|-------|--------|-----------
POST     /auth/login                                                                       35     0(0.00%) |   6062    4504   13723   5600 |    1.90        0.00
POST     /auth/refresh                                                                      2   2(100.00%) |   6465    4442    8488   4442 |    0.20        0.20
GET      /me                                                                                3     0(0.00%) |   4069    1283    9018   1900 |    0.30        0.00
POST     /users                                                                            65     0(0.00%) |  11709    3899   23108  11000 |    2.30        0.00
--------|----------------------------------------------------------------------------|-------|-------------|-------|-------|-------|-------|--------|-----------
         Aggregated                                                                       105     2(1.90%) |   9508    1283   23108   6800 |    4.70        0.20

Type     Name                                                                          # reqs      # fails |    Avg     Min     Max    Med |   req/s  failures/s
--------|----------------------------------------------------------------------------|-------|-------------|-------|-------|-------|-------|--------|-----------
POST     /auth/login                                                                       40     0(0.00%) |   5979    4504   13723   5600 |    1.70        0.00
POST     /auth/refresh                                                                      2   2(100.00%) |   6465    4442    8488   4442 |    0.20        0.20
GET      /me                                                                                3     0(0.00%) |   4069    1283    9018   1900 |    0.30        0.00
POST     /users                                                                            70     0(0.00%) |  12448    3899   23108  12000 |    2.50        0.00
--------|----------------------------------------------------------------------------|-------|-------------|-------|-------|-------|-------|--------|-----------
         Aggregated                                                                       115     2(1.74%) |   9875    1283   23108   6800 |    4.70        0.20

Type     Name                                                                          # reqs      # fails |    Avg     Min     Max    Med |   req/s  failures/s
--------|----------------------------------------------------------------------------|-------|-------------|-------|-------|-------|-------|--------|-----------
POST     /auth/login                                                                       44     0(0.00%) |   6301    4504   23699   5500 |    1.80        0.00
POST     /auth/refresh                                                                      2   2(100.00%) |   6465    4442    8488   4442 |    0.20        0.20
GET      /me                                                                                4     0(0.00%) |   3435    1283    9018   1500 |    0.00        0.00
POST     /users                                                                            77     0(0.00%) |  13533    3899   28392  14000 |    2.50        0.00
--------|----------------------------------------------------------------------------|-------|-------------|-------|-------|-------|-------|--------|-----------
         Aggregated                                                                       127     2(1.57%) |  10598    1283   28392   7300 |    4.50        0.20

Type     Name                                                                          # reqs      # fails |    Avg     Min     Max    Med |   req/s  failures/s
--------|----------------------------------------------------------------------------|-------|-------------|-------|-------|-------|-------|--------|-----------
POST     /auth/login                                                                       47     0(0.00%) |   6330    4504   23699   5500 |    1.90        0.00
POST     /auth/refresh                                                                      2   2(100.00%) |   6465    4442    8488   4442 |    0.20        0.20
GET      /me                                                                                4     0(0.00%) |   3435    1283    9018   1500 |    0.00        0.00
POST     /users                                                                            81     0(0.00%) |  14098    3899   28392  14000 |    2.50        0.00
--------|----------------------------------------------------------------------------|-------|-------------|-------|-------|-------|-------|--------|-----------
         Aggregated                                                                       134     2(1.49%) |  10941    1283   28392   8000 |    4.60        0.20

Type     Name                                                                          # reqs      # fails |    Avg     Min     Max    Med |   req/s  failures/s
--------|----------------------------------------------------------------------------|-------|-------------|-------|-------|-------|-------|--------|-----------
POST     /auth/login                                                                       54     0(0.00%) |   6528    4422   23699   5400 |    2.10        0.00
POST     /auth/refresh                                                                      2   2(100.00%) |   6465    4442    8488   4442 |    0.10        0.10
GET      /me                                                                                4     0(0.00%) |   3435    1283    9018   1500 |    0.10        0.00
POST     /users                                                                            86     0(0.00%) |  14821    3899   28392  15000 |    2.60        0.00
--------|----------------------------------------------------------------------------|-------|-------------|-------|-------|-------|-------|--------|-----------
         Aggregated                                                                       146     2(1.37%) |  11327    1283   28392   8000 |    4.90        0.10

Type     Name                                                                          # reqs      # fails |    Avg     Min     Max    Med |   req/s  failures/s
--------|----------------------------------------------------------------------------|-------|-------------|-------|-------|-------|-------|--------|-----------
POST     /auth/login                                                                       61     1(1.64%) |   7038    4422   33443   5400 |    2.40        0.00
POST     /auth/refresh                                                                      2   2(100.00%) |   6465    4442    8488   4442 |    0.00        0.00
GET      /me                                                                                4     0(0.00%) |   3435    1283    9018   1500 |    0.10        0.00
POST     /users                                                                            93     1(1.08%) |  15900    3899   35342  16000 |    2.80        0.00
--------|----------------------------------------------------------------------------|-------|-------------|-------|-------|-------|-------|--------|-----------
         Aggregated                                                                       160     4(2.50%) |  12092    1283   35342   8200 |    5.30        0.00

Type     Name                                                                          # reqs      # fails |    Avg     Min     Max    Med |   req/s  failures/s
--------|----------------------------------------------------------------------------|-------|-------------|-------|-------|-------|-------|--------|-----------
POST     /auth/login                                                                       62     1(1.61%) |   7004    4422   33443   5400 |    2.40        0.10
POST     /auth/refresh                                                                      2   2(100.00%) |   6465    4442    8488   4442 |    0.00        0.00
GET      /me                                                                                5     0(0.00%) |   3115    1283    9018   1800 |    0.10        0.00
POST     /users                                                                            96     1(1.04%) |  16348    3899   35342  16000 |    2.70        0.10
--------|----------------------------------------------------------------------------|-------|-------------|-------|-------|-------|-------|--------|-----------
         Aggregated                                                                       165     4(2.42%) |  12316    1283   35342   8400 |    5.20        0.20

Type     Name                                                                          # reqs      # fails |    Avg     Min     Max    Med |   req/s  failures/s
--------|----------------------------------------------------------------------------|-------|-------------|-------|-------|-------|-------|--------|-----------
POST     /auth/login                                                                       72     6(8.33%) |   8852    4422   34780   5600 |    2.20        0.10
POST     /auth/refresh                                                                      2   2(100.00%) |   6465    4442    8488   4442 |    0.00        0.00
GET      /me                                                                                5     0(0.00%) |   3115    1283    9018   1800 |    0.20        0.00
POST     /users                                                                           101     2(1.98%) |  17157    3899   38965  17000 |    2.50        0.10
--------|----------------------------------------------------------------------------|-------|-------------|-------|-------|-------|-------|--------|-----------
         Aggregated                                                                       180    10(5.56%) |  13326    1283   38965   8700 |    4.90        0.20

Type     Name                                                                          # reqs      # fails |    Avg     Min     Max    Med |   req/s  failures/s
--------|----------------------------------------------------------------------------|-------|-------------|-------|-------|-------|-------|--------|-----------
POST     /auth/login                                                                       73     6(8.22%) |   8815    4422   34780   5600 |    2.70        0.60
POST     /auth/refresh                                                                      2   2(100.00%) |   6465    4442    8488   4442 |    0.00        0.00
GET      /me                                                                                8    2(25.00%) |  10609    1283   33340   1900 |    0.10        0.00
POST     /users                                                                           104     2(1.92%) |  17624    3899   38965  18000 |    2.30        0.10
--------|----------------------------------------------------------------------------|-------|-------------|-------|-------|-------|-------|--------|-----------
         Aggregated                                                                       187    12(6.42%) |  13766    1283   38965   9000 |    5.10        0.70

Type     Name                                                                          # reqs      # fails |    Avg     Min     Max    Med |   req/s  failures/s
--------|----------------------------------------------------------------------------|-------|-------------|-------|-------|-------|-------|--------|-----------
POST     /auth/login                                                                       83   10(12.05%) |  10108    4422   34780   5700 |    2.60        0.60
POST     /auth/refresh                                                                      2   2(100.00%) |   6465    4442    8488   4442 |    0.00        0.00
GET      /me                                                                               11    4(36.36%) |  16349    1283   33340   9000 |    0.30        0.20
POST     /users                                                                           111     4(3.60%) |  18802    3899   41195  18000 |    2.20        0.20
--------|----------------------------------------------------------------------------|-------|-------------|-------|-------|-------|-------|--------|-----------
         Aggregated                                                                       207    20(9.66%) |  15066    1283   41195  11000 |    5.10        1.00

Type     Name                                                                          # reqs      # fails |    Avg     Min     Max    Med |   req/s  failures/s
--------|----------------------------------------------------------------------------|-------|-------------|-------|-------|-------|-------|--------|-----------
POST     /auth/login                                                                       88   11(12.50%) |   9830    4422   34780   5700 |    3.10        1.00
POST     /auth/refresh                                                                      2   2(100.00%) |   6465    4442    8488   4442 |    0.00        0.00
GET      /me                                                                               13    6(46.15%) |  18774    1283   33340  30000 |    0.50        0.30
POST     /users                                                                           117     5(4.27%) |  19742    3899   43216  20000 |    2.40        0.30
--------|----------------------------------------------------------------------------|-------|-------------|-------|-------|-------|-------|--------|-----------
         Aggregated                                                                       220   24(10.91%) |  15599    1283   43216  11000 |    6.00        1.60

Type     Name                                                                          # reqs      # fails |    Avg     Min     Max    Med |   req/s  failures/s
--------|----------------------------------------------------------------------------|-------|-------------|-------|-------|-------|-------|--------|-----------
POST     /auth/login                                                                       96   16(16.67%) |  10750    4422   34780   5700 |    2.90        1.00
POST     /auth/refresh                                                                      3   3(100.00%) |  15065    4442   32264   8500 |    0.00        0.00
GET      /me                                                                               14    7(50.00%) |  17433       4   33340   9000 |    0.90        0.60
POST     /users                                                                           122     5(4.10%) |  20475    3899   43216  21000 |    2.50        0.40
--------|----------------------------------------------------------------------------|-------|-------------|-------|-------|-------|-------|--------|-----------
         Aggregated                                                                       235   31(13.19%) |  16252       4   43216  11000 |    6.30        2.00

Type     Name                                                                          # reqs      # fails |    Avg     Min     Max    Med |   req/s  failures/s
--------|----------------------------------------------------------------------------|-------|-------------|-------|-------|-------|-------|--------|-----------
POST     /auth/login                                                                      103   19(18.45%) |  10927    4422   34780   5700 |    3.20        1.50
POST     /auth/refresh                                                                      5   5(100.00%) |  21972    4442   32356  32000 |    0.10        0.10
GET      /me                                                                               19   12(63.16%) |  19672       2   33340  32000 |    0.90        0.70
POST     /users                                                                           126     5(3.97%) |  21066    3899   43216  21000 |    2.60        0.40
--------|----------------------------------------------------------------------------|-------|-------------|-------|-------|-------|-------|--------|-----------
         Aggregated                                                                       253   41(16.21%) |  16851       2   43216  12000 |    6.80        2.70

Type     Name                                                                          # reqs      # fails |    Avg     Min     Max    Med |   req/s  failures/s
--------|----------------------------------------------------------------------------|-------|-------------|-------|-------|-------|-------|--------|-----------
POST     /auth/login                                                                      110   22(20.00%) |  11184    4422   34780   5700 |    3.70        1.70
POST     /auth/refresh                                                                      5   5(100.00%) |  21972    4442   32356  32000 |    0.20        0.20
GET      /me                                                                               22   14(63.64%) |  20021       2   33340  32000 |    1.20        1.00
POST     /users                                                                           131     5(3.82%) |  21818    3899   43216  22000 |    2.70        0.40
--------|----------------------------------------------------------------------------|-------|-------------|-------|-------|-------|-------|--------|-----------
         Aggregated                                                                       268   46(17.16%) |  17309       2   43216  13000 |    7.80        3.30

Type     Name                                                                          # reqs      # fails |    Avg     Min     Max    Med |   req/s  failures/s
--------|----------------------------------------------------------------------------|-------|-------------|-------|-------|-------|-------|--------|-----------
POST     /auth/login                                                                      112   23(20.54%) |  11080    4422   34780   5600 |    3.70        1.60
POST     /auth/refresh                                                                      5   5(100.00%) |  21972    4442   32356  32000 |    0.30        0.30
GET      /me                                                                               26   17(65.38%) |  19642       2   33340  32000 |    1.50        1.20
POST     /users                                                                           135     5(3.70%) |  22425    3899   43216  22000 |    2.80        0.30
--------|----------------------------------------------------------------------------|-------|-------------|-------|-------|-------|-------|--------|-----------
         Aggregated                                                                       278   50(17.99%) |  17586       2   43216  13000 |    8.30        3.40

Type     Name                                                                          # reqs      # fails |    Avg     Min     Max    Med |   req/s  failures/s
--------|----------------------------------------------------------------------------|-------|-------------|-------|-------|-------|-------|--------|-----------
POST     /auth/login                                                                      118   25(21.19%) |  11215    4422   34780   5700 |    2.80        1.20
POST     /auth/refresh                                                                      5   5(100.00%) |  21972    4442   32356  32000 |    0.30        0.30
GET      /me                                                                               28   19(67.86%) |  19485       2   33340  32000 |    1.50        1.20
POST     /users                                                                           138     5(3.62%) |  22899    3899   44658  23000 |    2.40        0.20
--------|----------------------------------------------------------------------------|-------|-------------|-------|-------|-------|-------|--------|-----------
         Aggregated                                                                       289   54(18.69%) |  17782       2   44658  14000 |    7.00        2.90

Type     Name                                                                          # reqs      # fails |    Avg     Min     Max    Med |   req/s  failures/s
--------|----------------------------------------------------------------------------|-------|-------------|-------|-------|-------|-------|--------|-----------
POST     /auth/login                                                                      120   26(21.67%) |  11377    4422   35026   5700 |    3.30        1.40
POST     /auth/refresh                                                                      5   5(100.00%) |  21972    4442   32356  32000 |    0.30        0.30
GET      /me                                                                               32   22(68.75%) |  19148       2   33850  30000 |    1.60        1.40
POST     /users                                                                           140     5(3.57%) |  23232    3899   46368  23000 |    2.40        0.10
--------|----------------------------------------------------------------------------|-------|-------------|-------|-------|-------|-------|--------|-----------
         Aggregated                                                                       297   58(19.53%) |  17981       2   46368  14000 |    7.60        3.20

Type     Name                                                                          # reqs      # fails |    Avg     Min     Max    Med |   req/s  failures/s
--------|----------------------------------------------------------------------------|-------|-------------|-------|-------|-------|-------|--------|-----------
POST     /auth/login                                                                      127   29(22.83%) |  12033    4422   35042   5700 |    2.60        1.10
POST     /auth/refresh                                                                      5   5(100.00%) |  21972    4442   32356  32000 |    0.30        0.30
GET      /me                                                                               38   28(73.68%) |  17164       2   33850   9000 |    1.40        1.20
POST     /users                                                                           143     5(3.50%) |  23720    3899   47137  23000 |    1.90        0.00
--------|----------------------------------------------------------------------------|-------|-------------|-------|-------|-------|-------|--------|-----------
         Aggregated                                                                       313   67(21.41%) |  18154       2   47137  14000 |    6.20        2.60

Type     Name                                                                          # reqs      # fails |    Avg     Min     Max    Med |   req/s  failures/s
--------|----------------------------------------------------------------------------|-------|-------------|-------|-------|-------|-------|--------|-----------
POST     /auth/login                                                                      141   36(25.53%) |  12847       6   35219   5900 |    2.60        1.10
POST     /auth/refresh                                                                     10  10(100.00%) |  27099    4442   33310  32000 |    0.10        0.10
GET      /me                                                                               46   36(78.26%) |  19047       2   33850  30000 |    2.10        1.80
POST     /users                                                                           150     5(3.33%) |  24903    3899   49999  24000 |    1.80        0.00
--------|----------------------------------------------------------------------------|-------|-------------|-------|-------|-------|-------|--------|-----------
         Aggregated                                                                       347   87(25.07%) |  19291       2   49999  16000 |    6.60        3.00

Type     Name                                                                          # reqs      # fails |    Avg     Min     Max    Med |   req/s  failures/s
--------|----------------------------------------------------------------------------|-------|-------------|-------|-------|-------|-------|--------|-----------
POST     /auth/login                                                                      142   37(26.06%) |  12794       6   35219   5900 |    2.70        1.30
POST     /auth/refresh                                                                     10  10(100.00%) |  27099    4442   33310  32000 |    0.30        0.30
GET      /me                                                                               49   38(77.55%) |  19316       2   33850  30000 |    2.20        2.00
POST     /users                                                                           150     5(3.33%) |  24903    3899   49999  24000 |    1.80        0.00
--------|----------------------------------------------------------------------------|-------|-------------|-------|-------|-------|-------|--------|-----------
         Aggregated                                                                       351   90(25.64%) |  19287       2   49999  16000 |    7.00        3.60

Type     Name                                                                          # reqs      # fails |    Avg     Min     Max    Med |   req/s  failures/s
--------|----------------------------------------------------------------------------|-------|-------------|-------|-------|-------|-------|--------|-----------
POST     /auth/login                                                                      152   39(25.66%) |  12947       6   35219   5900 |    3.00        1.40
POST     /auth/refresh                                                                     13  13(100.00%) |  30097    4442   44050  32000 |    0.50        0.50
GET      /me                                                                               58   45(77.59%) |  19788       2   33850  26000 |    2.20        2.10
POST     /users                                                                           150     5(3.33%) |  24903    3899   49999  24000 |    1.60        0.00
--------|----------------------------------------------------------------------------|-------|-------------|-------|-------|-------|-------|--------|-----------
         Aggregated                                                                       373  102(27.35%) |  19416       2   49999  17000 |    7.30        4.00

Type     Name                                                                          # reqs      # fails |    Avg     Min     Max    Med |   req/s  failures/s
--------|----------------------------------------------------------------------------|-------|-------------|-------|-------|-------|-------|--------|-----------
POST     /auth/login                                                                      159   40(25.16%) |  12852       6   35219   6000 |    3.10        1.40
POST     /auth/refresh                                                                     13  13(100.00%) |  30097    4442   44050  32000 |    0.80        0.80
GET      /me                                                                               66   52(78.79%) |  19078       2   33850  25000 |    2.80        2.40
POST     /users                                                                           150     5(3.33%) |  24903    3899   49999  24000 |    1.20        0.00
--------|----------------------------------------------------------------------------|-------|-------------|-------|-------|-------|-------|--------|-----------
         Aggregated                                                                       388  110(28.35%) |  19148       2   49999  16000 |    7.90        4.60

Type     Name                                                                          # reqs      # fails |    Avg     Min     Max    Med |   req/s  failures/s
--------|----------------------------------------------------------------------------|-------|-------------|-------|-------|-------|-------|--------|-----------
POST     /auth/login                                                                      168   43(25.60%) |  13142       6   35219   6000 |    3.50        1.40
POST     /auth/refresh                                                                     14  14(100.00%) |  28295    4442   44050  32000 |    0.80        0.80
GET      /me                                                                               74   57(77.03%) |  17991       2   33850  24000 |    3.00        2.70
POST     /users                                                                           150     5(3.33%) |  24903    3899   49999  24000 |    1.00        0.00
--------|----------------------------------------------------------------------------|-------|-------------|-------|-------|-------|-------|--------|-----------
         Aggregated                                                                       406  119(29.31%) |  18893       2   49999  16000 |    8.30        4.90

Type     Name                                                                          # reqs      # fails |    Avg     Min     Max    Med |   req/s  failures/s
--------|----------------------------------------------------------------------------|-------|-------------|-------|-------|-------|-------|--------|-----------
POST     /auth/login                                                                      176   45(25.57%) |  13340       6   35219   6000 |    4.10        1.40
POST     /auth/refresh                                                                     16  16(100.00%) |  26083    3907   44050  32000 |    0.80        0.80
GET      /me                                                                               87   65(74.71%) |  18046       2   33850  24000 |    3.50        2.90
POST     /users                                                                           150     5(3.33%) |  24903    3899   49999  24000 |    0.70        0.00
--------|----------------------------------------------------------------------------|-------|-------------|-------|-------|-------|-------|--------|-----------
         Aggregated                                                                       429  131(30.54%) |  18813       2   49999  16000 |    9.10        5.10

Type     Name                                                                          # reqs      # fails |    Avg     Min     Max    Med |   req/s  failures/s
--------|----------------------------------------------------------------------------|-------|-------------|-------|-------|-------|-------|--------|-----------
POST     /auth/login                                                                      186   48(25.81%) |  13639       6   35219   6000 |    3.70        0.90
POST     /auth/refresh                                                                     16  16(100.00%) |  26083    3907   44050  32000 |    0.70        0.70
GET      /me                                                                              105   72(68.57%) |  18131       2   33850  24000 |    4.00        3.00
POST     /users                                                                           150     5(3.33%) |  24903    3899   49999  24000 |    0.10        0.00
--------|----------------------------------------------------------------------------|-------|-------------|-------|-------|-------|-------|--------|-----------
         Aggregated                                                                       457  141(30.85%) |  18804       2   49999  17000 |    8.50        4.60

Type     Name                                                                          # reqs      # fails |    Avg     Min     Max    Med |   req/s  failures/s
--------|----------------------------------------------------------------------------|-------|-------------|-------|-------|-------|-------|--------|-----------
POST     /auth/login                                                                      189   48(25.40%) |  13700       6   35219   6100 |    3.60        1.00
POST     /auth/refresh                                                                     17  17(100.00%) |  25306    3907   44050  32000 |    0.60        0.60
GET      /me                                                                              120   78(65.00%) |  17391       2   33850  23000 |    4.40        2.90
POST     /users                                                                           150     5(3.33%) |  24903    3899   49999  24000 |    0.00        0.00
--------|----------------------------------------------------------------------------|-------|-------------|-------|-------|-------|-------|--------|-----------
         Aggregated                                                                       476  148(31.09%) |  18575       2   49999  17000 |    8.60        4.50

Type     Name                                                                          # reqs      # fails |    Avg     Min     Max    Med |   req/s  failures/s
--------|----------------------------------------------------------------------------|-------|-------------|-------|-------|-------|-------|--------|-----------
POST     /auth/login                                                                      191   49(25.65%) |  13755       6   35219   6100 |    4.00        0.90
POST     /auth/refresh                                                                     17  17(100.00%) |  25306    3907   44050  32000 |    0.40        0.40
GET      /me                                                                              123   79(64.23%) |  17201       2   33850  23000 |    6.40        3.50
POST     /users                                                                           150     5(3.33%) |  24903    3899   49999  24000 |    0.00        0.00
--------|----------------------------------------------------------------------------|-------|-------------|-------|-------|-------|-------|--------|-----------
         Aggregated                                                                       481  150(31.19%) |  18521       2   49999  17000 |   10.80        4.80

Type     Name                                                                          # reqs      # fails |    Avg     Min     Max    Med |   req/s  failures/s
--------|----------------------------------------------------------------------------|-------|-------------|-------|-------|-------|-------|--------|-----------
POST     /auth/login                                                                      201   50(24.88%) |  13935       6   35219   6100 |    3.60        0.90
POST     /auth/refresh                                                                     17  17(100.00%) |  25306    3907   44050  32000 |    0.40        0.40
GET      /me                                                                              135   90(66.67%) |  17061       2   33850  22000 |    6.00        3.00
POST     /users                                                                           150     5(3.33%) |  24903    3899   49999  24000 |    0.00        0.00
--------|----------------------------------------------------------------------------|-------|-------------|-------|-------|-------|-------|--------|-----------
         Aggregated                                                                       503  162(32.21%) |  18429       2   49999  17000 |   10.00        4.30

Type     Name                                                                          # reqs      # fails |    Avg     Min     Max    Med |   req/s  failures/s
--------|----------------------------------------------------------------------------|-------|-------------|-------|-------|-------|-------|--------|-----------
POST     /auth/login                                                                      209   51(24.40%) |  14202       6   35983   6100 |    2.90        0.90
POST     /auth/refresh                                                                     18  18(100.00%) |  25857    3907   44050  32000 |    0.40        0.40
GET      /me                                                                              154   99(64.29%) |  16271       2   33850  21000 |    5.50        2.50
POST     /users                                                                           150     5(3.33%) |  24903    3899   49999  24000 |    0.00        0.00
--------|----------------------------------------------------------------------------|-------|-------------|-------|-------|-------|-------|--------|-----------
         Aggregated                                                                       531  173(32.58%) |  18220       2   49999  16000 |    8.80        3.80

Type     Name                                                                          # reqs      # fails |    Avg     Min     Max    Med |   req/s  failures/s
--------|----------------------------------------------------------------------------|-------|-------------|-------|-------|-------|-------|--------|-----------
POST     /auth/login                                                                      215   52(24.19%) |  14184       6   44084   6100 |    3.60        0.80
POST     /auth/refresh                                                                     20  20(100.00%) |  25109    3907   44050  32000 |    0.30        0.30
GET      /me                                                                              176  110(62.50%) |  15702       2   33850  13000 |    6.90        3.60
POST     /users                                                                           150     5(3.33%) |  24903    3899   49999  24000 |    0.00        0.00
--------|----------------------------------------------------------------------------|-------|-------------|-------|-------|-------|-------|--------|-----------
         Aggregated                                                                       561  187(33.33%) |  17916       2   49999  16000 |   10.80        4.70

Type     Name                                                                          # reqs      # fails |    Avg     Min     Max    Med |   req/s  failures/s
--------|----------------------------------------------------------------------------|-------|-------------|-------|-------|-------|-------|--------|-----------
POST     /auth/login                                                                      221   52(23.53%) |  14024       6   44084   6100 |    3.10        0.40
POST     /auth/refresh                                                                     22  22(100.00%) |  23130    3195   44050  31000 |    0.40        0.40
GET      /me                                                                              200  122(61.00%) |  15140       2   42377  11000 |    7.50        3.90
POST     /users                                                                           150     5(3.33%) |  24903    3899   49999  24000 |    0.00        0.00
--------|----------------------------------------------------------------------------|-------|-------------|-------|-------|-------|-------|--------|-----------
         Aggregated                                                                       593  201(33.90%) |  17490       2   49999  14000 |   11.00        4.70

Type     Name                                                                          # reqs      # fails |    Avg     Min     Max    Med |   req/s  failures/s
--------|----------------------------------------------------------------------------|-------|-------------|-------|-------|-------|-------|--------|-----------
POST     /auth/login                                                                      224   53(23.66%) |  13983       6   44084   6100 |    3.10        0.40
POST     /auth/refresh                                                                     23  23(100.00%) |  22311    3195   44050  31000 |    0.40        0.40
GET      /me                                                                              210  126(60.00%) |  15079       2   42377  12000 |    7.70        4.10
POST     /users                                                                           150     5(3.33%) |  24903    3899   49999  24000 |    0.00        0.00
--------|----------------------------------------------------------------------------|-------|-------------|-------|-------|-------|-------|--------|-----------
         Aggregated                                                                       607  207(34.10%) |  17376       2   49999  14000 |   11.20        4.90

Type     Name                                                                          # reqs      # fails |    Avg     Min     Max    Med |   req/s  failures/s
--------|----------------------------------------------------------------------------|-------|-------------|-------|-------|-------|-------|--------|-----------
POST     /auth/login                                                                      230   53(23.04%) |  13820       6   44084   6000 |    3.20        0.40
POST     /auth/refresh                                                                     24  24(100.00%) |  22399    3195   44050  24000 |    0.50        0.50
GET      /me                                                                              218  131(60.09%) |  15098       2   42377  12000 |    8.60        4.60
POST     /users                                                                           150     5(3.33%) |  24903    3899   49999  24000 |    0.00        0.00
--------|----------------------------------------------------------------------------|-------|-------------|-------|-------|-------|-------|--------|-----------
         Aggregated                                                                       622  213(34.24%) |  17272       2   49999  13000 |   12.30        5.50

Type     Name                                                                          # reqs      # fails |    Avg     Min     Max    Med |   req/s  failures/s
--------|----------------------------------------------------------------------------|-------|-------------|-------|-------|-------|-------|--------|-----------
POST     /auth/login                                                                      240   56(23.33%) |  13831       6   44084   6000 |    3.50        0.40
POST     /auth/refresh                                                                     25  25(100.00%) |  22498    3195   44050  25000 |    0.60        0.60
GET      /me                                                                              226  136(60.18%) |  14991       2   42377  11000 |    9.00        4.80
POST     /users                                                                           150     5(3.33%) |  24903    3899   49999  24000 |    0.00        0.00
--------|----------------------------------------------------------------------------|-------|-------------|-------|-------|-------|-------|--------|-----------
         Aggregated                                                                       641  222(34.63%) |  17169       2   49999  13000 |   13.10        5.80

Type     Name                                                                          # reqs      # fails |    Avg     Min     Max    Med |   req/s  failures/s
--------|----------------------------------------------------------------------------|-------|-------------|-------|-------|-------|-------|--------|-----------
POST     /auth/login                                                                      246   58(23.58%) |  13832       6   44084   6000 |    2.30        0.20
POST     /auth/refresh                                                                     29  29(100.00%) |  21697    3195   44050  24000 |    0.60        0.60
GET      /me                                                                              238  138(57.98%) |  14834       2   42377  12000 |    6.90        3.50
POST     /users                                                                           150     5(3.33%) |  24903    3899   49999  24000 |    0.00        0.00
--------|----------------------------------------------------------------------------|-------|-------------|-------|-------|-------|-------|--------|-----------
         Aggregated                                                                       663  230(34.69%) |  17041       2   49999  13000 |    9.80        4.30

Type     Name                                                                          # reqs      # fails |    Avg     Min     Max    Med |   req/s  failures/s
--------|----------------------------------------------------------------------------|-------|-------------|-------|-------|-------|-------|--------|-----------
POST     /auth/login                                                                      255   61(23.92%) |  13830       6   44084   6000 |    3.20        0.50
POST     /auth/refresh                                                                     29  29(100.00%) |  21697    3195   44050  24000 |    0.80        0.80
GET      /me                                                                              249  140(56.22%) |  15024       2   42377  12000 |    6.50        3.00
POST     /users                                                                           150     5(3.33%) |  24903    3899   49999  24000 |    0.00        0.00
--------|----------------------------------------------------------------------------|-------|-------------|-------|-------|-------|-------|--------|-----------
         Aggregated                                                                       683  235(34.41%) |  17031       2   49999  13000 |   10.50        4.30

Type     Name                                                                          # reqs      # fails |    Avg     Min     Max    Med |   req/s  failures/s
--------|----------------------------------------------------------------------------|-------|-------------|-------|-------|-------|-------|--------|-----------
POST     /auth/login                                                                      262   62(23.66%) |  13812       6   44084   6000 |    3.50        0.90
POST     /auth/refresh                                                                     30  30(100.00%) |  21450    3195   44050  23000 |    0.80        0.80
GET      /me                                                                              260  145(55.77%) |  14992       2   42377  12000 |    5.20        2.10
POST     /users                                                                           150     5(3.33%) |  24903    3899   49999  24000 |    0.00        0.00
--------|----------------------------------------------------------------------------|-------|-------------|-------|-------|-------|-------|--------|-----------
         Aggregated                                                                       702  242(34.47%) |  16945       2   49999  13000 |    9.50        3.80

Type     Name                                                                          # reqs      # fails |    Avg     Min     Max    Med |   req/s  failures/s
--------|----------------------------------------------------------------------------|-------|-------------|-------|-------|-------|-------|--------|-----------
POST     /auth/login                                                                      267   62(23.22%) |  13877       6   56912   6000 |    3.40        0.80
POST     /auth/refresh                                                                     30  30(100.00%) |  21450    3195   44050  23000 |    0.70        0.70
GET      /me                                                                              275  152(55.27%) |  15104       2   56028  12000 |    5.00        1.80
POST     /users                                                                           150     5(3.33%) |  24903    3899   49999  24000 |    0.00        0.00
--------|----------------------------------------------------------------------------|-------|-------------|-------|-------|-------|-------|--------|-----------
         Aggregated                                                                       722  249(34.49%) |  16950       2   56912  13000 |    9.10        3.30

Type     Name                                                                          # reqs      # fails |    Avg     Min     Max    Med |   req/s  failures/s
--------|----------------------------------------------------------------------------|-------|-------------|-------|-------|-------|-------|--------|-----------
POST     /auth/login                                                                      275   63(22.91%) |  13648       6   56912   5900 |    3.60        0.90
POST     /auth/refresh                                                                     34  34(100.00%) |  21195    3195   44050  23000 |    0.60        0.60
GET      /me                                                                              296  163(55.07%) |  15259       2   56028  12000 |    5.60        2.10
POST     /users                                                                           150     5(3.33%) |  24903    3899   49999  24000 |    0.00        0.00
--------|----------------------------------------------------------------------------|-------|-------------|-------|-------|-------|-------|--------|-----------
         Aggregated                                                                       755  265(35.10%) |  16855       2   56912  13000 |    9.80        3.60

Type     Name                                                                          # reqs      # fails |    Avg     Min     Max    Med |   req/s  failures/s
--------|----------------------------------------------------------------------------|-------|-------------|-------|-------|-------|-------|--------|-----------
POST     /auth/login                                                                      278   63(22.66%) |  13616       6   56912   5900 |    3.60        0.90
POST     /auth/refresh                                                                     37  37(100.00%) |  19986    2744   44050  23000 |    0.60        0.60
GET      /me                                                                              315  169(53.65%) |  15070       2   56028  12000 |    5.60        2.10
POST     /users                                                                           150     5(3.33%) |  24903    3899   49999  24000 |    0.00        0.00
--------|----------------------------------------------------------------------------|-------|-------------|-------|-------|-------|-------|--------|-----------
         Aggregated                                                                       780  274(35.13%) |  16676       2   56912  12000 |    9.80        3.60

Type     Name                                                                          # reqs      # fails |    Avg     Min     Max    Med |   req/s  failures/s
--------|----------------------------------------------------------------------------|-------|-------------|-------|-------|-------|-------|--------|-----------
POST     /auth/login                                                                      287   66(23.00%) |  13810       6   56912   6000 |    3.50        0.60
POST     /auth/refresh                                                                     38  38(100.00%) |  20089    2744   44050  23000 |    0.90        0.90
GET      /me                                                                              333  177(53.15%) |  14861       2   56028  12000 |    8.10        3.20
POST     /users                                                                           150     5(3.33%) |  24903    3899   49999  24000 |    0.00        0.00
--------|----------------------------------------------------------------------------|-------|-------------|-------|-------|-------|-------|--------|-----------
         Aggregated                                                                       808  286(35.40%) |  16598       2   56912  12000 |   12.50        4.70

Type     Name                                                                          # reqs      # fails |    Avg     Min     Max    Med |   req/s  failures/s
--------|----------------------------------------------------------------------------|-------|-------------|-------|-------|-------|-------|--------|-----------
POST     /auth/login                                                                      288   66(22.92%) |  13807       6   56912   6000 |    3.20        0.50
POST     /auth/refresh                                                                     38  38(100.00%) |  20089    2744   44050  23000 |    0.90        0.90
GET      /me                                                                              339  178(52.51%) |  14784       2   56028  12000 |    8.40        3.70
POST     /users                                                                           150     5(3.33%) |  24903    3899   49999  24000 |    0.00        0.00
--------|----------------------------------------------------------------------------|-------|-------------|-------|-------|-------|-------|--------|-----------
         Aggregated                                                                       815  287(35.21%) |  16549       2   56912  12000 |   12.50        5.10

Type     Name                                                                          # reqs      # fails |    Avg     Min     Max    Med |   req/s  failures/s
--------|----------------------------------------------------------------------------|-------|-------------|-------|-------|-------|-------|--------|-----------
POST     /auth/login                                                                      300   66(22.00%) |  13556       6   56912   6000 |    3.00        0.50
POST     /auth/refresh                                                                     39  39(100.00%) |  20894    2744   51502  23000 |    0.80        0.80
GET      /me                                                                              358  188(52.51%) |  14698       2   56028  11000 |    7.70        3.40
POST     /users                                                                           150     5(3.33%) |  24903    3899   49999  24000 |    0.00        0.00
--------|----------------------------------------------------------------------------|-------|-------------|-------|-------|-------|-------|--------|-----------
         Aggregated                                                                       847  298(35.18%) |  16386       2   56912  12000 |   11.50        4.70

Type     Name                                                                          # reqs      # fails |    Avg     Min     Max    Med |   req/s  failures/s
--------|----------------------------------------------------------------------------|-------|-------------|-------|-------|-------|-------|--------|-----------
POST     /auth/login                                                                      301   67(22.26%) |  13526       6   56912   6000 |    3.20        0.40
POST     /auth/refresh                                                                     40  40(100.00%) |  20781    2744   51502  23000 |    0.90        0.90
GET      /me                                                                              360  188(52.22%) |  14710       2   56028  11000 |    8.60        4.10
POST     /users                                                                           150     5(3.33%) |  24903    3899   49999  24000 |    0.00        0.00
--------|----------------------------------------------------------------------------|-------|-------------|-------|-------|-------|-------|--------|-----------
         Aggregated                                                                       851  300(35.25%) |  16373       2   56912  12000 |   12.70        5.40

Type     Name                                                                          # reqs      # fails |    Avg     Min     Max    Med |   req/s  failures/s
--------|----------------------------------------------------------------------------|-------|-------------|-------|-------|-------|-------|--------|-----------
POST     /auth/login                                                                      315   71(22.54%) |  13296       6   56912   5900 |    3.10        0.40
POST     /auth/refresh                                                                     44  44(100.00%) |  20708    2744   51502  23000 |    0.80        0.80
GET      /me                                                                              374  189(50.53%) |  14579       2   56028  12000 |    7.90        3.40
POST     /users                                                                           150     5(3.33%) |  24903    3899   49999  24000 |    0.00        0.00
--------|----------------------------------------------------------------------------|-------|-------------|-------|-------|-------|-------|--------|-----------
         Aggregated                                                                       883  309(34.99%) |  16181       2   56912  12000 |   11.80        4.60

Type     Name                                                                          # reqs      # fails |    Avg     Min     Max    Med |   req/s  failures/s
--------|----------------------------------------------------------------------------|-------|-------------|-------|-------|-------|-------|--------|-----------
POST     /auth/login                                                                      317   72(22.71%) |  13273       6   56912   5900 |    3.30        0.60
POST     /auth/refresh                                                                     47  47(100.00%) |  20439    2744   51502  23000 |    0.70        0.70
GET      /me                                                                              379  190(50.13%) |  14484       2   56028  12000 |    5.70        2.00
POST     /users                                                                           150     5(3.33%) |  24903    3899   49999  24000 |    0.00        0.00
--------|----------------------------------------------------------------------------|-------|-------------|-------|-------|-------|-------|--------|-----------
         Aggregated                                                                       893  314(35.16%) |  16118       2   56912  12000 |    9.70        3.30

Type     Name                                                                          # reqs      # fails |    Avg     Min     Max    Med |   req/s  failures/s
--------|----------------------------------------------------------------------------|-------|-------------|-------|-------|-------|-------|--------|-----------
POST     /auth/login                                                                      327   75(22.94%) |  13393       6   56912   5900 |    2.73        0.63
POST     /auth/refresh                                                                     53  53(100.00%) |  21469    2744   51502  24000 |    0.44        0.44
GET      /me                                                                              401  199(49.63%) |  14527       2   56028  12000 |    3.35        1.66
POST     /users                                                                           150     5(3.33%) |  24903    3899   49999  24000 |    1.25        0.04
--------|----------------------------------------------------------------------------|-------|-------------|-------|-------|-------|-------|--------|-----------
         Aggregated                                                                       931  332(35.66%) |  16196       2   56912  12000 |    7.78        2.78

Response time percentiles (approximated)
Type     Name                                                                                  50%    66%    75%    80%    90%    95%    98%    99%  99.9% 99.99%   100% # reqs
--------|--------------------------------------------------------------------------------|--------|------|------|------|------|------|------|------|------|------|------|------
POST     /auth/login                                                                          5900  13000  24000  27000  34000  35000  36000  44000  57000  57000  57000    327
POST     /auth/refresh                                                                       24000  31000  32000  32000  33000  43000  44000  52000  52000  52000  52000     53
GET      /me                                                                                 12000  22000  24000  31000  33000  33000  34000  34000  56000  56000  56000    401
POST     /users                                                                              24000  33000  36000  39000  44000  47000  49000  49000  50000  50000  50000    150
--------|--------------------------------------------------------------------------------|--------|------|------|------|------|------|------|------|------|------|------|------
         Aggregated                                                                          12000  23000  28000  32000  34000  37000  45000  49000  57000  57000  57000    931

Error report
# occurrences      Error                                                                                               
------------------|---------------------------------------------------------------------------------------------------------------------------------------------
53                 POST /auth/refresh: HTTPError('500 Server Error: Internal Server Error for url: /auth/refresh')     
5                  POST /users: HTTPError('500 Server Error: Internal Server Error for url: /users')                   
47                 POST /auth/login: HTTPError('500 Server Error: Internal Server Error for url: /auth/login')         
74                 GET /me: HTTPError('500 Server Error: Internal Server Error for url: /me')                          
27                 POST /auth/login: HTTPError('401 Client Error: Unauthorized for url: /auth/login')                  
10                 GET /me: RemoteDisconnected('Remote end closed connection without response')                        
115                GET /me: HTTPError('401 Client Error: Unauthorized for url: /me')                                   
1                  POST /auth/login: RemoteDisconnected('Remote end closed connection without response')               
------------------|---------------------------------------------------------------------------------------------------------------------------------------------

