Type     Name                                                                          # reqs      # fails |    Avg     Min     Max    Med |   req/s  failures/s
--------|----------------------------------------------------------------------------|-------|-------------|-------|-------|-------|-------|--------|-----------
--------|----------------------------------------------------------------------------|-------|-------------|-------|-------|-------|-------|--------|-----------
         Aggregated                                                                         0     0(0.00%) |      0       0       0      0 |    0.00        0.00

Type     Name                                                                          # reqs      # fails |    Avg     Min     Max    Med |   req/s  failures/s
--------|----------------------------------------------------------------------------|-------|-------------|-------|-------|-------|-------|--------|-----------
GET      /health                                                                            8     0(0.00%) |     11       3      22     10 |    0.00        0.00
POST     /transactions [POST]                                                              15     0(0.00%) |     27       9      83     21 |    0.00        0.00
GET      /transactions/user                                                                34     0(0.00%) |     24       6      64     17 |    0.00        0.00
--------|----------------------------------------------------------------------------|-------|-------------|-------|-------|-------|-------|--------|-----------
         Aggregated                                                                        57     0(0.00%) |     23       3      83     17 |    0.00        0.00

Type     Name                                                                          # reqs      # fails |    Avg     Min     Max    Med |   req/s  failures/s
--------|----------------------------------------------------------------------------|-------|-------------|-------|-------|-------|-------|--------|-----------
GET      /health                                                                           33     0(0.00%) |     21       3     106     13 |    0.50        0.00
POST     /transactions [POST]                                                              61     0(0.00%) |     33       8     132     23 |    2.00        0.00
GET      /transactions/user                                                               141     0(0.00%) |     25       5     110     17 |    3.50        0.00
--------|----------------------------------------------------------------------------|-------|-------------|-------|-------|-------|-------|--------|-----------
         Aggregated                                                                       235     0(0.00%) |     26       3     132     17 |    6.00        0.00

Type     Name                                                                          # reqs      # fails |    Avg     Min     Max    Med |   req/s  failures/s
--------|----------------------------------------------------------------------------|-------|-------------|-------|-------|-------|-------|--------|-----------
GET      /health                                                                           55     0(0.00%) |     54       2     220     18 |    4.50        0.00
POST     /transactions [POST]                                                             116     0(0.00%) |     69       8     334     34 |   10.25        0.00
GET      /transactions/user                                                               310     0(0.00%) |     64       5     330     35 |   19.25        0.00
--------|----------------------------------------------------------------------------|-------|-------------|-------|-------|-------|-------|--------|-----------
         Aggregated                                                                       481     0(0.00%) |     64       2     334     34 |   34.00        0.00

Type     Name                                                                          # reqs      # fails |    Avg     Min     Max    Med |   req/s  failures/s
--------|----------------------------------------------------------------------------|-------|-------------|-------|-------|-------|-------|--------|-----------
GET      /health                                                                           96     0(0.00%) |     63       2     220     50 |    6.67        0.00
POST     /transactions [POST]                                                             211     0(0.00%) |     93       8     383     71 |   13.83        0.00
GET      /transactions/user                                                               522     0(0.00%) |     78       5     330     53 |   35.17        0.00
--------|----------------------------------------------------------------------------|-------|-------------|-------|-------|-------|-------|--------|-----------
         Aggregated                                                                       829     0(0.00%) |     80       2     383     58 |   55.67        0.00

Type     Name                                                                          # reqs      # fails |    Avg     Min     Max    Med |   req/s  failures/s
--------|----------------------------------------------------------------------------|-------|-------------|-------|-------|-------|-------|--------|-----------
GET      /health                                                                          130     0(0.00%) |     82       2     313     63 |    9.50        0.00
POST     /transactions [POST]                                                             294     0(0.00%) |    146       8     768     99 |   20.50        0.00
GET      /transactions/user                                                               734     0(0.00%) |    111       5     774     72 |   52.75        0.00
--------|----------------------------------------------------------------------------|-------|-------------|-------|-------|-------|-------|--------|-----------
         Aggregated                                                                      1158     0(0.00%) |    117       2     774     76 |   82.75        0.00

Type     Name                                                                          # reqs      # fails |    Avg     Min     Max    Med |   req/s  failures/s
--------|----------------------------------------------------------------------------|-------|-------------|-------|-------|-------|-------|--------|-----------
GET      /health                                                                          184     0(0.00%) |    137       2     535     99 |   12.10        0.00
POST     /transactions [POST]                                                             375     0(0.00%) |    193       8     848    130 |   25.00        0.00
GET      /transactions/user                                                               930     0(0.00%) |    158       5     862     89 |   64.80        0.00
--------|----------------------------------------------------------------------------|-------|-------------|-------|-------|-------|-------|--------|-----------
         Aggregated                                                                      1489     0(0.00%) |    164       2     862    100 |  101.90        0.00

Type     Name                                                                          # reqs      # fails |    Avg     Min     Max    Med |   req/s  failures/s
--------|----------------------------------------------------------------------------|-------|-------------|-------|-------|-------|-------|--------|-----------
GET      /health                                                                          235     0(0.00%) |    137       2     535    110 |   15.80        0.00
POST     /transactions [POST]                                                             485     0(0.00%) |    227       8    1078    150 |   34.30        0.00
GET      /transactions/user                                                              1193     0(0.00%) |    182       5    1041    110 |   85.30        0.00
--------|----------------------------------------------------------------------------|-------|-------------|-------|-------|-------|-------|--------|-----------
         Aggregated                                                                      1913     0(0.00%) |    188       2    1078    120 |  135.40        0.00

Type     Name                                                                          # reqs      # fails |    Avg     Min     Max    Med |   req/s  failures/s
--------|----------------------------------------------------------------------------|-------|-------------|-------|-------|-------|-------|--------|-----------
GET      /health                                                                          296     0(0.00%) |    136       2     535    120 |   18.50        0.00
POST     /transactions [POST]                                                             602     0(0.00%) |    239       8    1197    170 |   39.40        0.00
GET      /transactions/user                                                              1481     0(0.00%) |    213       5    1595    130 |   99.80        0.00
--------|----------------------------------------------------------------------------|-------|-------------|-------|-------|-------|-------|--------|-----------
         Aggregated                                                                      2379     0(0.00%) |    210       2    1595    140 |  157.70        0.00

Type     Name                                                                          # reqs      # fails |    Avg     Min     Max    Med |   req/s  failures/s
--------|----------------------------------------------------------------------------|-------|-------------|-------|-------|-------|-------|--------|-----------
GET      /health                                                                          350     0(0.00%) |    142       2     535    120 |   23.20        0.00
POST     /transactions [POST]                                                             717     0(0.00%) |    272       8    1826    180 |   46.70        0.00
GET      /transactions/user                                                              1800     0(0.00%) |    256       5    2471    150 |  113.60        0.00
--------|----------------------------------------------------------------------------|-------|-------------|-------|-------|-------|-------|--------|-----------
         Aggregated                                                                      2867     0(0.00%) |    246       2    2471    150 |  183.50        0.00

Type     Name                                                                          # reqs      # fails |    Avg     Min     Max    Med |   req/s  failures/s
--------|----------------------------------------------------------------------------|-------|-------------|-------|-------|-------|-------|--------|-----------
GET      /health                                                                          408     0(0.00%) |    152       2     535    130 |   24.50        0.00
POST     /transactions [POST]                                                             814     0(0.00%) |    302       8    1860    200 |   50.00        0.00
GET      /transactions/user                                                              2042     0(0.00%) |    280       5    2471    160 |  122.50        0.00
--------|----------------------------------------------------------------------------|-------|-------------|-------|-------|-------|-------|--------|-----------
         Aggregated                                                                      3264     0(0.00%) |    269       2    2471    160 |  197.00        0.00

Type     Name                                                                          # reqs      # fails |    Avg     Min     Max    Med |   req/s  failures/s
--------|----------------------------------------------------------------------------|-------|-------------|-------|-------|-------|-------|--------|-----------
GET      /health                                                                          443     0(0.00%) |    163       2     536    140 |   26.60        0.00
POST     /transactions [POST]                                                             890     0(0.00%) |    346       8    3478    200 |   52.10        0.00
GET      /transactions/user                                                              2247     0(0.00%) |    324       5    3737    180 |  129.60        0.00
--------|----------------------------------------------------------------------------|-------|-------------|-------|-------|-------|-------|--------|-----------
         Aggregated                                                                      3580     0(0.00%) |    310       2    3737    180 |  208.30        0.00

Type     Name                                                                          # reqs      # fails |    Avg     Min     Max    Med |   req/s  failures/s
--------|----------------------------------------------------------------------------|-------|-------------|-------|-------|-------|-------|--------|-----------
GET      /health                                                                          499     0(0.00%) |    166       2     536    140 |   26.80        0.00
POST     /transactions [POST]                                                             977     0(0.00%) |    418       8    4656    220 |   51.00        0.00
GET      /transactions/user                                                              2483     0(0.00%) |    384       5    5618    180 |  129.40        0.00
--------|----------------------------------------------------------------------------|-------|-------------|-------|-------|-------|-------|--------|-----------
         Aggregated                                                                      3959     0(0.00%) |    365       2    5618    180 |  207.20        0.00

Type     Name                                                                          # reqs      # fails |    Avg     Min     Max    Med |   req/s  failures/s
--------|----------------------------------------------------------------------------|-------|-------------|-------|-------|-------|-------|--------|-----------
GET      /health                                                                          564     0(0.00%) |    165       2     536    140 |   26.80        0.00
POST     /transactions [POST]                                                            1086     0(0.00%) |    466       8    4656    220 |   50.80        0.00
GET      /transactions/user                                                              2754     0(0.00%) |    420       5    5673    180 |  128.80        0.00
--------|----------------------------------------------------------------------------|-------|-------------|-------|-------|-------|-------|--------|-----------
         Aggregated                                                                      4404     0(0.00%) |    399       2    5673    180 |  206.40        0.00

Type     Name                                                                          # reqs      # fails |    Avg     Min     Max    Med |   req/s  failures/s
--------|----------------------------------------------------------------------------|-------|-------------|-------|-------|-------|-------|--------|-----------
GET      /health                                                                          617     0(0.00%) |    164       2     536    150 |   25.80        0.00
POST     /transactions [POST]                                                            1193     0(0.00%) |    503       8    7932    230 |   48.50        0.00
GET      /transactions/user                                                              3041     0(0.00%) |    481       5    6056    190 |  126.00        0.00
--------|----------------------------------------------------------------------------|-------|-------------|-------|-------|-------|-------|--------|-----------
         Aggregated                                                                      4851     0(0.00%) |    446       2    7932    190 |  200.30        0.00

Type     Name                                                                          # reqs      # fails |    Avg     Min     Max    Med |   req/s  failures/s
--------|----------------------------------------------------------------------------|-------|-------------|-------|-------|-------|-------|--------|-----------
GET      /health                                                                          671     0(0.00%) |    169       2     536    150 |   27.10        0.00
POST     /transactions [POST]                                                            1291     0(0.00%) |    529       8    7994    240 |   46.60        0.00
GET      /transactions/user                                                              3284     0(0.00%) |    520       5    6570    190 |  121.30        0.00
--------|----------------------------------------------------------------------------|-------|-------------|-------|-------|-------|-------|--------|-----------
         Aggregated                                                                      5246     0(0.00%) |    477       2    7994    190 |  195.00        0.00

Type     Name                                                                          # reqs      # fails |    Avg     Min     Max    Med |   req/s  failures/s
--------|----------------------------------------------------------------------------|-------|-------------|-------|-------|-------|-------|--------|-----------
GET      /health                                                                          744     0(0.00%) |    162       2     536    140 |   26.20        0.00
POST     /transactions [POST]                                                            1459     0(0.00%) |    589       8    7994    250 |   48.10        0.00
GET      /transactions/user                                                              3666     0(0.00%) |    569       5    6570    200 |  124.30        0.00
--------|----------------------------------------------------------------------------|-------|-------------|-------|-------|-------|-------|--------|-----------
         Aggregated                                                                      5869     0(0.00%) |    522       2    7994    190 |  198.60        0.00

Type     Name                                                                          # reqs      # fails |    Avg     Min     Max    Med |   req/s  failures/s
--------|----------------------------------------------------------------------------|-------|-------------|-------|-------|-------|-------|--------|-----------
GET      /health                                                                          823     0(0.00%) |    156       2     536    130 |   27.70        0.00
POST     /transactions [POST]                                                            1635     0(0.00%) |    585       8    7994    250 |   51.50        0.00
GET      /transactions/user                                                              4081     0(0.00%) |    582       5    6570    200 |  128.20        0.00
--------|----------------------------------------------------------------------------|-------|-------------|-------|-------|-------|-------|--------|-----------
         Aggregated                                                                      6539     0(0.00%) |    529       2    7994    190 |  207.40        0.00

Type     Name                                                                          # reqs      # fails |    Avg     Min     Max    Med |   req/s  failures/s
--------|----------------------------------------------------------------------------|-------|-------------|-------|-------|-------|-------|--------|-----------
GET      /health                                                                          905     0(0.00%) |    151       2     536    130 |   31.70        0.00
POST     /transactions [POST]                                                            1814     0(0.00%) |    589       8    7994    240 |   60.80        0.00
GET      /transactions/user                                                              4513     0(0.00%) |    599       5    7874    200 |  152.00        0.00
--------|----------------------------------------------------------------------------|-------|-------------|-------|-------|-------|-------|--------|-----------
         Aggregated                                                                      7232     0(0.00%) |    540       2    7994    190 |  244.50        0.00

Type     Name                                                                          # reqs      # fails |    Avg     Min     Max    Med |   req/s  failures/s
--------|----------------------------------------------------------------------------|-------|-------------|-------|-------|-------|-------|--------|-----------
GET      /health                                                                          987     0(0.00%) |    147       2     536    120 |   33.60        0.00
POST     /transactions [POST]                                                            1982     0(0.00%) |    589       8    7994    230 |   68.70        0.00
GET      /transactions/user                                                              4904     0(0.00%) |    597       5    7874    200 |  166.40        0.00
--------|----------------------------------------------------------------------------|-------|-------------|-------|-------|-------|-------|--------|-----------
         Aggregated                                                                      7873     0(0.00%) |    539       2    7994    180 |  268.70        0.00

Type     Name                                                                          # reqs      # fails |    Avg     Min     Max    Med |   req/s  failures/s
--------|----------------------------------------------------------------------------|-------|-------------|-------|-------|-------|-------|--------|-----------
GET      /health                                                                         1062     0(0.00%) |    143       2     536    120 |   36.90        0.00
POST     /transactions [POST]                                                            2153     0(0.00%) |    602       8    7994    230 |   78.70        0.00
GET      /transactions/user                                                              5264     0(0.00%) |    610       5    7874    200 |  185.50        0.00
--------|----------------------------------------------------------------------------|-------|-------------|-------|-------|-------|-------|--------|-----------
         Aggregated                                                                      8479     0(0.00%) |    550       2    7994    180 |  301.10        0.00

Type     Name                                                                          # reqs      # fails |    Avg     Min     Max    Med |   req/s  failures/s
--------|----------------------------------------------------------------------------|-------|-------------|-------|-------|-------|-------|--------|-----------
GET      /health                                                                         1144     0(0.00%) |    139       2     536    110 |   39.00        0.00
POST     /transactions [POST]                                                            2321     0(0.00%) |    616       8    7994    230 |   86.20        0.00
GET      /transactions/user                                                              5710     0(0.00%) |    618       5    7874    200 |  197.60        0.00
--------|----------------------------------------------------------------------------|-------|-------------|-------|-------|-------|-------|--------|-----------
         Aggregated                                                                      9175     0(0.00%) |    558       2    7994    180 |  322.80        0.00

Type     Name                                                                          # reqs      # fails |    Avg     Min     Max    Med |   req/s  failures/s
--------|----------------------------------------------------------------------------|-------|-------------|-------|-------|-------|-------|--------|-----------
GET      /health                                                                         1227     0(0.00%) |    138       2     536    110 |   39.80        0.00
POST     /transactions [POST]                                                            2481     0(0.00%) |    630       8    7994    240 |   85.40        0.00
GET      /transactions/user                                                              6065     0(0.00%) |    623       5    7874    200 |  203.30        0.00
--------|----------------------------------------------------------------------------|-------|-------------|-------|-------|-------|-------|--------|-----------
         Aggregated                                                                      9773     0(0.00%) |    564       2    7994    180 |  328.50        0.00

Type     Name                                                                          # reqs      # fails |    Avg     Min     Max    Med |   req/s  failures/s
--------|----------------------------------------------------------------------------|-------|-------------|-------|-------|-------|-------|--------|-----------
GET      /health                                                                         1309     0(0.00%) |    136       2     536    110 |   40.00        0.00
POST     /transactions [POST]                                                            2646     0(0.00%) |    629       8    7994    230 |   84.20        0.00
GET      /transactions/user                                                              6524     0(0.00%) |    626       5    7874    200 |  197.10        0.00
--------|----------------------------------------------------------------------------|-------|-------------|-------|-------|-------|-------|--------|-----------
         Aggregated                                                                     10479     0(0.00%) |    566       2    7994    180 |  321.30        0.00

Type     Name                                                                          # reqs      # fails |    Avg     Min     Max    Med |   req/s  failures/s
--------|----------------------------------------------------------------------------|-------|-------------|-------|-------|-------|-------|--------|-----------
GET      /health                                                                         1395     0(0.00%) |    134       2     536    110 |   40.30        0.00
POST     /transactions [POST]                                                            2809     0(0.00%) |    631       8    7994    230 |   82.90        0.00
GET      /transactions/user                                                              6927     0(0.00%) |    625       5    7874    200 |  200.80        0.00
--------|----------------------------------------------------------------------------|-------|-------------|-------|-------|-------|-------|--------|-----------
         Aggregated                                                                     11131     0(0.00%) |    565       2    7994    170 |  324.00        0.00

Type     Name                                                                          # reqs      # fails |    Avg     Min     Max    Med |   req/s  failures/s
--------|----------------------------------------------------------------------------|-------|-------------|-------|-------|-------|-------|--------|-----------
GET      /health                                                                         1460     0(0.00%) |    134       2     536    110 |   40.10        0.00
POST     /transactions [POST]                                                            2938     0(0.00%) |    634       8    7994    230 |   82.60        0.00
GET      /transactions/user                                                              7298     0(0.00%) |    627       5    7874    200 |  202.20        0.00
--------|----------------------------------------------------------------------------|-------|-------------|-------|-------|-------|-------|--------|-----------
         Aggregated                                                                     11696     0(0.00%) |    567       2    7994    170 |  324.90        0.00

Type     Name                                                                          # reqs      # fails |    Avg     Min     Max    Med |   req/s  failures/s
--------|----------------------------------------------------------------------------|-------|-------------|-------|-------|-------|-------|--------|-----------
GET      /health                                                                         1533     0(0.00%) |    132       2     536    110 |   39.80        0.00
POST     /transactions [POST]                                                            3105     0(0.00%) |    655       8    7994    230 |   78.30        0.00
GET      /transactions/user                                                              7657     0(0.00%) |    638       5    7874    190 |  202.90        0.00
--------|----------------------------------------------------------------------------|-------|-------------|-------|-------|-------|-------|--------|-----------
         Aggregated                                                                     12295     0(0.00%) |    579       2    7994    170 |  321.00        0.00

Type     Name                                                                          # reqs      # fails |    Avg     Min     Max    Med |   req/s  failures/s
--------|----------------------------------------------------------------------------|-------|-------------|-------|-------|-------|-------|--------|-----------
GET      /health                                                                         1607     0(0.00%) |    130       2     536    110 |   38.90        0.00
POST     /transactions [POST]                                                            3267     0(0.00%) |    654       8    7994    230 |   78.40        0.00
GET      /transactions/user                                                              8082     0(0.00%) |    639       5    8341    190 |  193.90        0.00
--------|----------------------------------------------------------------------------|-------|-------------|-------|-------|-------|-------|--------|-----------
         Aggregated                                                                     12956     0(0.00%) |    580       2    8341    160 |  311.20        0.00

Type     Name                                                                          # reqs      # fails |    Avg     Min     Max    Med |   req/s  failures/s
--------|----------------------------------------------------------------------------|-------|-------------|-------|-------|-------|-------|--------|-----------
GET      /health                                                                         1679     0(0.00%) |    129       2     536    110 |   38.20        0.00
POST     /transactions [POST]                                                            3409     0(0.00%) |    657       8    7994    230 |   78.30        0.00
GET      /transactions/user                                                              8506     0(0.00%) |    649       5    8341    190 |  202.30        0.00
--------|----------------------------------------------------------------------------|-------|-------------|-------|-------|-------|-------|--------|-----------
         Aggregated                                                                     13594     0(0.00%) |    586       2    8341    160 |  318.80        0.00

Type     Name                                                                          # reqs      # fails |    Avg     Min     Max    Med |   req/s  failures/s
--------|----------------------------------------------------------------------------|-------|-------------|-------|-------|-------|-------|--------|-----------
GET      /health                                                                         1778     0(0.00%) |    128       2     536    110 |   36.80        0.00
POST     /transactions [POST]                                                            3566     0(0.00%) |    661       8    7994    230 |   76.40        0.00
GET      /transactions/user                                                              8885     0(0.00%) |    649       5    8341    190 |  197.60        0.00
--------|----------------------------------------------------------------------------|-------|-------------|-------|-------|-------|-------|--------|-----------
         Aggregated                                                                     14229     0(0.00%) |    587       2    8341    160 |  310.80        0.00

Type     Name                                                                          # reqs      # fails |    Avg     Min     Max    Med |   req/s  failures/s
--------|----------------------------------------------------------------------------|-------|-------------|-------|-------|-------|-------|--------|-----------
GET      /health                                                                         1837     0(0.00%) |    128       2     536    110 |   38.20        0.00
POST     /transactions [POST]                                                            3685     0(0.00%) |    669       8    7994    230 |   75.20        0.00
GET      /transactions/user                                                              9173     0(0.00%) |    654       5    8341    190 |  194.80        0.00
--------|----------------------------------------------------------------------------|-------|-------------|-------|-------|-------|-------|--------|-----------
         Aggregated                                                                     14695     0(0.00%) |    592       2    8341    160 |  308.20        0.00

Type     Name                                                                          # reqs      # fails |    Avg     Min     Max    Med |   req/s  failures/s
--------|----------------------------------------------------------------------------|-------|-------------|-------|-------|-------|-------|--------|-----------
GET      /health                                                                         1892     0(0.00%) |    129       2     536    110 |   37.40        0.00
POST     /transactions [POST]                                                            3797     0(0.00%) |    677       8    7994    230 |   74.50        0.00
GET      /transactions/user                                                              9461     0(0.00%) |    665       5    8341    200 |  187.50        0.00
--------|----------------------------------------------------------------------------|-------|-------------|-------|-------|-------|-------|--------|-----------
         Aggregated                                                                     15150     0(0.00%) |    601       2    8341    170 |  299.40        0.00

Type     Name                                                                          # reqs      # fails |    Avg     Min     Max    Med |   req/s  failures/s
--------|----------------------------------------------------------------------------|-------|-------------|-------|-------|-------|-------|--------|-----------
GET      /health                                                                         1956     0(0.00%) |    128       2     536    110 |   36.10        0.00
POST     /transactions [POST]                                                            3928     0(0.00%) |    684       8    7994    230 |   69.30        0.00
GET      /transactions/user                                                              9793     0(0.00%) |    676       5    8341    190 |  180.90        0.00
--------|----------------------------------------------------------------------------|-------|-------------|-------|-------|-------|-------|--------|-----------
         Aggregated                                                                     15677     0(0.00%) |    610       2    8341    160 |  286.30        0.00

Type     Name                                                                          # reqs      # fails |    Avg     Min     Max    Med |   req/s  failures/s
--------|----------------------------------------------------------------------------|-------|-------------|-------|-------|-------|-------|--------|-----------
GET      /health                                                                         2032     0(0.00%) |    128       2     536    110 |   34.80        0.00
POST     /transactions [POST]                                                            4063     0(0.00%) |    695       8    8293    230 |   66.20        0.00
GET      /transactions/user                                                             10101     0(0.00%) |    686       5    8341    190 |  170.40        0.00
--------|----------------------------------------------------------------------------|-------|-------------|-------|-------|-------|-------|--------|-----------
         Aggregated                                                                     16196     0(0.00%) |    619       2    8341    160 |  271.40        0.00

Type     Name                                                                          # reqs      # fails |    Avg     Min     Max    Med |   req/s  failures/s
--------|----------------------------------------------------------------------------|-------|-------------|-------|-------|-------|-------|--------|-----------
GET      /health                                                                         2093     0(0.00%) |    128       2     536    110 |   35.60        0.00
POST     /transactions [POST]                                                            4200     0(0.00%) |    705       8    8293    230 |   65.00        0.00
GET      /transactions/user                                                             10481     0(0.00%) |    696       5    8556    190 |  158.60        0.00
--------|----------------------------------------------------------------------------|-------|-------------|-------|-------|-------|-------|--------|-----------
         Aggregated                                                                     16774     0(0.00%) |    627       2    8556    160 |  259.20        0.00

Type     Name                                                                          # reqs      # fails |    Avg     Min     Max    Med |   req/s  failures/s
--------|----------------------------------------------------------------------------|-------|-------------|-------|-------|-------|-------|--------|-----------
GET      /health                                                                         2148     0(0.00%) |    128       2     536    110 |   32.10        0.00
POST     /transactions [POST]                                                            4329     0(0.00%) |    712       8    8293    230 |   63.50        0.00
GET      /transactions/user                                                             10818     0(0.00%) |    701       5    8556    190 |  158.90        0.00
--------|----------------------------------------------------------------------------|-------|-------------|-------|-------|-------|-------|--------|-----------
         Aggregated                                                                     17295     0(0.00%) |    632       2    8556    160 |  254.50        0.00

Type     Name                                                                          # reqs      # fails |    Avg     Min     Max    Med |   req/s  failures/s
--------|----------------------------------------------------------------------------|-------|-------------|-------|-------|-------|-------|--------|-----------
GET      /health                                                                         2230     0(0.00%) |    127       2     536    110 |   31.50        0.00
POST     /transactions [POST]                                                            4524     0(0.00%) |    715       8    8293    230 |   64.30        0.00
GET      /transactions/user                                                             11196     0(0.00%) |    705       5    8556    190 |  164.10        0.00
--------|----------------------------------------------------------------------------|-------|-------------|-------|-------|-------|-------|--------|-----------
         Aggregated                                                                     17950     0(0.00%) |    636       2    8556    160 |  259.90        0.00

Type     Name                                                                          # reqs      # fails |    Avg     Min     Max    Med |   req/s  failures/s
--------|----------------------------------------------------------------------------|-------|-------------|-------|-------|-------|-------|--------|-----------
GET      /health                                                                         2314     0(0.00%) |    126       2     536    110 |   33.60        0.00
POST     /transactions [POST]                                                            4641     0(0.00%) |    716       8    8293    220 |   72.70        0.00
GET      /transactions/user                                                             11581     0(0.00%) |    709       5    8855    190 |  173.40        0.00
--------|----------------------------------------------------------------------------|-------|-------------|-------|-------|-------|-------|--------|-----------
         Aggregated                                                                     18536     0(0.00%) |    638       2    8855    160 |  279.70        0.00

Type     Name                                                                          # reqs      # fails |    Avg     Min     Max    Med |   req/s  failures/s
--------|----------------------------------------------------------------------------|-------|-------------|-------|-------|-------|-------|--------|-----------
GET      /health                                                                         2383     0(0.00%) |    126       2     536    110 |   35.40        0.00
POST     /transactions [POST]                                                            4785     0(0.00%) |    715       8    8293    220 |   71.50        0.00
GET      /transactions/user                                                             11980     0(0.00%) |    711       5    8855    190 |  179.10        0.00
--------|----------------------------------------------------------------------------|-------|-------------|-------|-------|-------|-------|--------|-----------
         Aggregated                                                                     19148     0(0.00%) |    639       2    8855    160 |  286.00        0.00

Type     Name                                                                          # reqs      # fails |    Avg     Min     Max    Med |   req/s  failures/s
--------|----------------------------------------------------------------------------|-------|-------------|-------|-------|-------|-------|--------|-----------
GET      /health                                                                         2483     0(0.00%) |    125       2     536    110 |   34.20        0.00
POST     /transactions [POST]                                                            4940     0(0.00%) |    719       8    8293    220 |   72.30        0.00
GET      /transactions/user                                                             12391     0(0.00%) |    712       5    8855    190 |  188.10        0.00
--------|----------------------------------------------------------------------------|-------|-------------|-------|-------|-------|-------|--------|-----------
         Aggregated                                                                     19814     0(0.00%) |    640       2    8855    160 |  294.60        0.00

Type     Name                                                                          # reqs      # fails |    Avg     Min     Max    Med |   req/s  failures/s
--------|----------------------------------------------------------------------------|-------|-------------|-------|-------|-------|-------|--------|-----------
GET      /health                                                                         2561     0(0.00%) |    124       2     536    110 |   39.10        0.00
POST     /transactions [POST]                                                            5114     0(0.00%) |    719       8    8293    220 |   74.30        0.00
GET      /transactions/user                                                             12802     0(0.00%) |    711       5    8855    190 |  191.10        0.00
--------|----------------------------------------------------------------------------|-------|-------------|-------|-------|-------|-------|--------|-----------
         Aggregated                                                                     20477     0(0.00%) |    640       2    8855    160 |  304.50        0.00

Type     Name                                                                          # reqs      # fails |    Avg     Min     Max    Med |   req/s  failures/s
--------|----------------------------------------------------------------------------|-------|-------------|-------|-------|-------|-------|--------|-----------
GET      /health                                                                         2631     0(0.00%) |    123       2     536    110 |   40.90        0.00
POST     /transactions [POST]                                                            5268     0(0.00%) |    715       8    8293    220 |   78.50        0.00
GET      /transactions/user                                                             13149     0(0.00%) |    709       5    8855    190 |  198.20        0.00
--------|----------------------------------------------------------------------------|-------|-------------|-------|-------|-------|-------|--------|-----------
         Aggregated                                                                     21048     0(0.00%) |    637       2    8855    160 |  317.60        0.00

Type     Name                                                                          # reqs      # fails |    Avg     Min     Max    Med |   req/s  failures/s
--------|----------------------------------------------------------------------------|-------|-------------|-------|-------|-------|-------|--------|-----------
GET      /health                                                                         2692     0(0.00%) |    123       2     536    110 |   40.10        0.00
POST     /transactions [POST]                                                            5398     0(0.00%) |    717       8    8293    220 |   74.40        0.00
GET      /transactions/user                                                             13473     0(0.00%) |    713       5    8855    190 |  195.20        0.00
--------|----------------------------------------------------------------------------|-------|-------------|-------|-------|-------|-------|--------|-----------
         Aggregated                                                                     21563     0(0.00%) |    640       2    8855    160 |  309.70        0.00

Type     Name                                                                          # reqs      # fails |    Avg     Min     Max    Med |   req/s  failures/s
--------|----------------------------------------------------------------------------|-------|-------------|-------|-------|-------|-------|--------|-----------
GET      /health                                                                         2768     0(0.00%) |    123       2     536    110 |   38.30        0.00
POST     /transactions [POST]                                                            5528     0(0.00%) |    722       8    8293    220 |   75.30        0.00
GET      /transactions/user                                                             13806     0(0.00%) |    723       5    8855    190 |  189.10        0.00
--------|----------------------------------------------------------------------------|-------|-------------|-------|-------|-------|-------|--------|-----------
         Aggregated                                                                     22102     0(0.00%) |    648       2    8855    160 |  302.70        0.00

Type     Name                                                                          # reqs      # fails |    Avg     Min     Max    Med |   req/s  failures/s
--------|----------------------------------------------------------------------------|-------|-------------|-------|-------|-------|-------|--------|-----------
GET      /health                                                                         2839     0(0.00%) |    123       2     536    110 |   38.70        0.00
POST     /transactions [POST]                                                            5661     0(0.00%) |    719       8    8293    220 |   74.30        0.00
GET      /transactions/user                                                             14158     0(0.00%) |    725       5   12731    180 |  183.20        0.00
--------|----------------------------------------------------------------------------|-------|-------------|-------|-------|-------|-------|--------|-----------
         Aggregated                                                                     22658     0(0.00%) |    648       2   12731    150 |  296.20        0.00

Type     Name                                                                          # reqs      # fails |    Avg     Min     Max    Med |   req/s  failures/s
--------|----------------------------------------------------------------------------|-------|-------------|-------|-------|-------|-------|--------|-----------
GET      /health                                                                         2906     0(0.00%) |    123       2     536    110 |   35.40        0.00
POST     /transactions [POST]                                                            5795     0(0.00%) |    727       8    8293    210 |   71.50        0.00
GET      /transactions/user                                                             14492     0(0.00%) |    728       5   12731    180 |  176.40        0.00
--------|----------------------------------------------------------------------------|-------|-------------|-------|-------|-------|-------|--------|-----------
         Aggregated                                                                     23193     0(0.00%) |    652       2   12731    150 |  283.30        0.00

Type     Name                                                                          # reqs      # fails |    Avg     Min     Max    Med |   req/s  failures/s
--------|----------------------------------------------------------------------------|-------|-------------|-------|-------|-------|-------|--------|-----------
GET      /health                                                                         2964     0(0.00%) |    123       2     536    110 |   34.60        0.00
POST     /transactions [POST]                                                            5947     0(0.00%) |    729       8    8293    210 |   68.30        0.00
GET      /transactions/user                                                             14865     0(0.00%) |    730       5   12731    180 |  168.20        0.00
--------|----------------------------------------------------------------------------|-------|-------------|-------|-------|-------|-------|--------|-----------
         Aggregated                                                                     23776     0(0.00%) |    654       2   12731    150 |  271.10        0.00

Type     Name                                                                          # reqs      # fails |    Avg     Min     Max    Med |   req/s  failures/s
--------|----------------------------------------------------------------------------|-------|-------------|-------|-------|-------|-------|--------|-----------
GET      /health                                                                         3020     0(0.00%) |    123       2     536    110 |   33.00        0.00
POST     /transactions [POST]                                                            6076     0(0.00%) |    734       8    8293    220 |   68.10        0.00
GET      /transactions/user                                                             15162     0(0.00%) |    735       5   12731    180 |  170.40        0.00
--------|----------------------------------------------------------------------------|-------|-------------|-------|-------|-------|-------|--------|-----------
         Aggregated                                                                     24258     0(0.00%) |    658       2   12731    150 |  271.50        0.00

Type     Name                                                                          # reqs      # fails |    Avg     Min     Max    Med |   req/s  failures/s
--------|----------------------------------------------------------------------------|-------|-------------|-------|-------|-------|-------|--------|-----------
GET      /health                                                                         3094     0(0.00%) |    122       2     536    110 |   32.80        0.00
POST     /transactions [POST]                                                            6233     0(0.00%) |    731       8    8293    210 |   68.00        0.00
GET      /transactions/user                                                             15554     0(0.00%) |    739       5   12731    180 |  169.30        0.00
--------|----------------------------------------------------------------------------|-------|-------------|-------|-------|-------|-------|--------|-----------
         Aggregated                                                                     24881     0(0.00%) |    660       2   12731    150 |  270.10        0.00

Type     Name                                                                          # reqs      # fails |    Avg     Min     Max    Med |   req/s  failures/s
--------|----------------------------------------------------------------------------|-------|-------------|-------|-------|-------|-------|--------|-----------
GET      /health                                                                         3164     0(0.00%) |    122       2     536    100 |   33.00        0.00
POST     /transactions [POST]                                                            6376     0(0.00%) |    737       8    8293    220 |   69.70        0.00
GET      /transactions/user                                                             15910     0(0.00%) |    742       5   12731    180 |  173.90        0.00
--------|----------------------------------------------------------------------------|-------|-------------|-------|-------|-------|-------|--------|-----------
         Aggregated                                                                     25450     0(0.00%) |    664       2   12731    150 |  276.60        0.00

Type     Name                                                                          # reqs      # fails |    Avg     Min     Max    Med |   req/s  failures/s
--------|----------------------------------------------------------------------------|-------|-------------|-------|-------|-------|-------|--------|-----------
GET      /health                                                                         3229     0(0.00%) |    122       2     536    110 |   32.20        0.00
POST     /transactions [POST]                                                            6510     0(0.00%) |    741       8    8293    220 |   71.50        0.00
GET      /transactions/user                                                             16203     0(0.00%) |    744       5   12731    180 |  174.10        0.00
--------|----------------------------------------------------------------------------|-------|-------------|-------|-------|-------|-------|--------|-----------
         Aggregated                                                                     25942     0(0.00%) |    666       2   12731    150 |  277.80        0.00

Type     Name                                                                          # reqs      # fails |    Avg     Min     Max    Med |   req/s  failures/s
--------|----------------------------------------------------------------------------|-------|-------------|-------|-------|-------|-------|--------|-----------
GET      /health                                                                         3294     0(0.00%) |    122       2     536    110 |   31.80        0.00
POST     /transactions [POST]                                                            6662     0(0.00%) |    743       8    9231    210 |   71.10        0.00
GET      /transactions/user                                                             16569     0(0.00%) |    746       5   12731    180 |  171.30        0.00
--------|----------------------------------------------------------------------------|-------|-------------|-------|-------|-------|-------|--------|-----------
         Aggregated                                                                     26525     0(0.00%) |    668       2   12731    150 |  274.20        0.00

Type     Name                                                                          # reqs      # fails |    Avg     Min     Max    Med |   req/s  failures/s
--------|----------------------------------------------------------------------------|-------|-------------|-------|-------|-------|-------|--------|-----------
GET      /health                                                                         3369     0(0.00%) |    122       2     536    110 |   33.10        0.00
POST     /transactions [POST]                                                            6778     0(0.00%) |    743       8    9231    210 |   70.60        0.00
GET      /transactions/user                                                             16926     0(0.00%) |    747       5   12731    180 |  169.90        0.00
--------|----------------------------------------------------------------------------|-------|-------------|-------|-------|-------|-------|--------|-----------
         Aggregated                                                                     27073     0(0.00%) |    668       2   12731    150 |  273.60        0.00

Type     Name                                                                          # reqs      # fails |    Avg     Min     Max    Med |   req/s  failures/s
--------|----------------------------------------------------------------------------|-------|-------------|-------|-------|-------|-------|--------|-----------
GET      /health                                                                         3443     0(0.00%) |    122       2     536    110 |   34.30        0.00
POST     /transactions [POST]                                                            6917     0(0.00%) |    748       8    9231    210 |   70.00        0.00
GET      /transactions/user                                                             17288     0(0.00%) |    752       5   12731    180 |  175.10        0.00
--------|----------------------------------------------------------------------------|-------|-------------|-------|-------|-------|-------|--------|-----------
         Aggregated                                                                     27648     0(0.00%) |    672       2   12731    150 |  279.40        0.00

Type     Name                                                                          # reqs      # fails |    Avg     Min     Max    Med |   req/s  failures/s
--------|----------------------------------------------------------------------------|-------|-------------|-------|-------|-------|-------|--------|-----------
GET      /health                                                                         3514     0(0.00%) |    122       2     536    110 |   34.70        0.00
POST     /transactions [POST]                                                            7044     0(0.00%) |    744       8    9231    210 |   68.70        0.00
GET      /transactions/user                                                             17632     0(0.00%) |    753       5   12731    180 |  172.40        0.00
--------|----------------------------------------------------------------------------|-------|-------------|-------|-------|-------|-------|--------|-----------
         Aggregated                                                                     28190     0(0.00%) |    672       2   12731    150 |  275.80        0.00

Type     Name                                                                          # reqs      # fails |    Avg     Min     Max    Med |   req/s  failures/s
--------|----------------------------------------------------------------------------|-------|-------------|-------|-------|-------|-------|--------|-----------
GET      /health                                                                         3583     0(0.00%) |    121       2     536    110 |   35.00        0.00
POST     /transactions [POST]                                                            7177     0(0.00%) |    746       8   10332    210 |   66.80        0.00
GET      /transactions/user                                                             17998     0(0.00%) |    760       5   12731    180 |  173.60        0.00
--------|----------------------------------------------------------------------------|-------|-------------|-------|-------|-------|-------|--------|-----------
         Aggregated                                                                     28758     0(0.00%) |    677       2   12731    150 |  275.40        0.00

Type     Name                                                                          # reqs      # fails |    Avg     Min     Max    Med |   req/s  failures/s
--------|----------------------------------------------------------------------------|-------|-------------|-------|-------|-------|-------|--------|-----------
GET      /health                                                                         3647     0(0.00%) |    122       2     536    110 |   35.30        0.00
POST     /transactions [POST]                                                            7322     0(0.00%) |    750       8   10332    210 |   66.70        0.00
GET      /transactions/user                                                             18346     0(0.00%) |    762       5   12731    180 |  178.80        0.00
--------|----------------------------------------------------------------------------|-------|-------------|-------|-------|-------|-------|--------|-----------
         Aggregated                                                                     29315     0(0.00%) |    679       2   12731    150 |  280.80        0.00

Type     Name                                                                          # reqs      # fails |    Avg     Min     Max    Med |   req/s  failures/s
--------|----------------------------------------------------------------------------|-------|-------------|-------|-------|-------|-------|--------|-----------
GET      /health                                                                         3726     0(0.00%) |    122       2     536    110 |   35.60        0.00
POST     /transactions [POST]                                                            7465     0(0.00%) |    750       8   10332    210 |   65.80        0.00
GET      /transactions/user                                                             18690     0(0.00%) |    764       5   12731    180 |  176.70        0.00
--------|----------------------------------------------------------------------------|-------|-------------|-------|-------|-------|-------|--------|-----------
         Aggregated                                                                     29881     0(0.00%) |    680       2   12731    150 |  278.10        0.00

Type     Name                                                                          # reqs      # fails |    Avg     Min     Max    Med |   req/s  failures/s
--------|----------------------------------------------------------------------------|-------|-------------|-------|-------|-------|-------|--------|-----------
GET      /health                                                                         3796     0(0.00%) |    123       2     536    110 |   36.30        0.00
POST     /transactions [POST]                                                            7598     0(0.00%) |    754       8   10332    210 |   68.60        0.00
GET      /transactions/user                                                             18968     0(0.00%) |    766       5   12731    180 |  176.40        0.00
--------|----------------------------------------------------------------------------|-------|-------------|-------|-------|-------|-------|--------|-----------
         Aggregated                                                                     30362     0(0.00%) |    682       2   12731    150 |  281.30        0.00

Type     Name                                                                          # reqs      # fails |    Avg     Min     Max    Med |   req/s  failures/s
--------|----------------------------------------------------------------------------|-------|-------------|-------|-------|-------|-------|--------|-----------
GET      /health                                                                         3864     0(0.00%) |    123       2     536    110 |   34.50        0.00
POST     /transactions [POST]                                                            7728     0(0.00%) |    753       8   10332    220 |   67.90        0.00
GET      /transactions/user                                                             19303     0(0.00%) |    771       5   12731    190 |  169.00        0.00
--------|----------------------------------------------------------------------------|-------|-------------|-------|-------|-------|-------|--------|-----------
         Aggregated                                                                     30895     0(0.00%) |    685       2   12731    150 |  271.40        0.00

Type     Name                                                                          # reqs      # fails |    Avg     Min     Max    Med |   req/s  failures/s
--------|----------------------------------------------------------------------------|-------|-------------|-------|-------|-------|-------|--------|-----------
GET      /health                                                                         3926     0(0.00%) |    123       2     536    110 |   32.72        0.00
POST     /transactions [POST]                                                            7857     0(0.00%) |    760       8   10332    220 |   65.47        0.00
GET      /transactions/user                                                             19629     0(0.00%) |    773       5   12731    190 |  163.57        0.00
--------|----------------------------------------------------------------------------|-------|-------------|-------|-------|-------|-------|--------|-----------
         Aggregated                                                                     31412     0(0.00%) |    689       2   12731    150 |  261.75        0.00

Response time percentiles (approximated)
Type     Name                                                                                  50%    66%    75%    80%    90%    95%    98%    99%  99.9% 99.99%   100% # reqs
--------|--------------------------------------------------------------------------------|--------|------|------|------|------|------|------|------|------|------|------|------
GET      /health                                                                               110    130    140    150    200    240    310    400    530    540    540   3926
POST     /transactions [POST]                                                                  220    690   1000   1300   2100   2900   4000   4900   7900  10000  10000   7857
GET      /transactions/user                                                                    190    690   1000   1300   2200   3100   4300   5200   8300  12000  13000  19629
--------|--------------------------------------------------------------------------------|--------|------|------|------|------|------|------|------|------|------|------|------
         Aggregated                                                                            150    600    840   1200   2000   2900   4000   5000   8000  11000  13000  31412

Type     Name                                                                          # reqs      # fails |    Avg     Min     Max    Med |   req/s  failures/s
--------|----------------------------------------------------------------------------|-------|-------------|-------|-------|-------|-------|--------|-----------
--------|----------------------------------------------------------------------------|-------|-------------|-------|-------|-------|-------|--------|-----------
         Aggregated                                                                         0     0(0.00%) |      0       0       0      0 |    0.00        0.00

Type     Name                                                                          # reqs      # fails |    Avg     Min     Max    Med |   req/s  failures/s
--------|----------------------------------------------------------------------------|-------|-------------|-------|-------|-------|-------|--------|-----------
POST     /auth/login                                                                       24     0(0.00%) |    366     302     472    350 |    0.00        0.00
POST     /auth/refresh                                                                      6     0(0.00%) |     44      12     105     26 |    0.00        0.00
GET      /me                                                                               43     0(0.00%) |     12       4      62      8 |    0.00        0.00
POST     /users                                                                            20     0(0.00%) |    367     317     439    370 |    0.00        0.00
--------|----------------------------------------------------------------------------|-------|-------------|-------|-------|-------|-------|--------|-----------
         Aggregated                                                                        93     0(0.00%) |    182       4     472     63 |    0.00        0.00

Type     Name                                                                          # reqs      # fails |    Avg     Min     Max    Med |   req/s  failures/s
--------|----------------------------------------------------------------------------|-------|-------------|-------|-------|-------|-------|--------|-----------
POST     /auth/login                                                                       57     0(0.00%) |    479     269    1090    440 |    6.00        0.00
POST     /auth/refresh                                                                     22     0(0.00%) |     51      12     167     28 |    1.50        0.00
GET      /me                                                                              120     0(0.00%) |     32       4     199     16 |   12.00        0.00
POST     /users                                                                            40     0(0.00%) |    453     317     984    410 |   10.00        0.00
--------|----------------------------------------------------------------------------|-------|-------------|-------|-------|-------|-------|--------|-----------
         Aggregated                                                                       239     0(0.00%) |    211       4    1090     75 |   29.50        0.00

Type     Name                                                                          # reqs      # fails |    Avg     Min     Max    Med |   req/s  failures/s
--------|----------------------------------------------------------------------------|-------|-------------|-------|-------|-------|-------|--------|-----------
POST     /auth/login                                                                      102     0(0.00%) |    549     269    1233    480 |   11.50        0.00
POST     /auth/refresh                                                                     38     0(0.00%) |    120      12     384     71 |    5.00        0.00
GET      /me                                                                              213     0(0.00%) |     81       4     457     37 |   24.25        0.00
POST     /users                                                                            52     0(0.00%) |    507     317     984    430 |    9.00        0.00
--------|----------------------------------------------------------------------------|-------|-------------|-------|-------|-------|-------|--------|-----------
         Aggregated                                                                       405     0(0.00%) |    257       4    1233    180 |   49.75        0.00

Type     Name                                                                          # reqs      # fails |    Avg     Min     Max    Med |   req/s  failures/s
--------|----------------------------------------------------------------------------|-------|-------------|-------|-------|-------|-------|--------|-----------
POST     /auth/login                                                                      144     0(0.00%) |    681     269    2151    580 |   15.33        0.00
POST     /auth/refresh                                                                     48     0(0.00%) |    219      12    1026    110 |    5.83        0.00
GET      /me                                                                              261     0(0.00%) |    172       4    1124     63 |   31.83        0.00
POST     /users                                                                            71     0(0.00%) |    752     317    2291    620 |    8.33        0.00
--------|----------------------------------------------------------------------------|-------|-------------|-------|-------|-------|-------|--------|-----------
         Aggregated                                                                       524     0(0.00%) |    395       4    2291    330 |   61.33        0.00

Type     Name                                                                          # reqs      # fails |    Avg     Min     Max    Med |   req/s  failures/s
--------|----------------------------------------------------------------------------|-------|-------------|-------|-------|-------|-------|--------|-----------
POST     /auth/login                                                                      194     0(0.00%) |    775     269    2151    750 |   16.88        0.00
POST     /auth/refresh                                                                     66     0(0.00%) |    299      12    1152    270 |    5.88        0.00
GET      /me                                                                              359     0(0.00%) |    288       4    2142    140 |   30.88        0.00
POST     /users                                                                            93     0(0.00%) |    854     317    2291    690 |    8.25        0.00
--------|----------------------------------------------------------------------------|-------|-------------|-------|-------|-------|-------|--------|-----------
         Aggregated                                                                       712     0(0.00%) |    495       4    2291    440 |   61.88        0.00

Type     Name                                                                          # reqs      # fails |    Avg     Min     Max    Med |   req/s  failures/s
--------|----------------------------------------------------------------------------|-------|-------------|-------|-------|-------|-------|--------|-----------
POST     /auth/login                                                                      240     0(0.00%) |    845     269    2697    850 |   18.50        0.00
POST     /auth/refresh                                                                     78     0(0.00%) |    349      12    1152    300 |    6.30        0.00
GET      /me                                                                              458     0(0.00%) |    384       4    2142    350 |   33.50        0.00
POST     /users                                                                           108     0(0.00%) |    932     317    2291    780 |    9.10        0.00
--------|----------------------------------------------------------------------------|-------|-------------|-------|-------|-------|-------|--------|-----------
         Aggregated                                                                       884     0(0.00%) |    573       4    2697    530 |   67.40        0.00

Type     Name                                                                          # reqs      # fails |    Avg     Min     Max    Med |   req/s  failures/s
--------|----------------------------------------------------------------------------|-------|-------------|-------|-------|-------|-------|--------|-----------
POST     /auth/login                                                                      275     0(0.00%) |    907     269    2697    870 |   21.90        0.00
POST     /auth/refresh                                                                     97     0(0.00%) |    505      12    2932    440 |    7.40        0.00
GET      /me                                                                              523     0(0.00%) |    472       4    2486    460 |   42.00        0.00
POST     /users                                                                           125     0(0.00%) |   1005     317    2291    920 |    8.50        0.00
--------|----------------------------------------------------------------------------|-------|-------------|-------|-------|-------|-------|--------|-----------
         Aggregated                                                                      1020     0(0.00%) |    658       4    2932    580 |   79.80        0.00

Type     Name                                                                          # reqs      # fails |    Avg     Min     Max    Med |   req/s  failures/s
--------|----------------------------------------------------------------------------|-------|-------------|-------|-------|-------|-------|--------|-----------
POST     /auth/login                                                                      322     0(0.00%) |    983     269    3709    880 |   22.20        0.00
POST     /auth/refresh                                                                    111     0(0.00%) |    627      12    3461    520 |    7.30        0.00
GET      /me                                                                              618     0(0.00%) |    615       4    4465    540 |   42.20        0.00
POST     /users                                                                           152     0(0.00%) |   1141     317    3082    980 |    8.40        0.00
--------|----------------------------------------------------------------------------|-------|-------------|-------|-------|-------|-------|--------|-----------
         Aggregated                                                                      1203     0(0.00%) |    781       4    4465    640 |   80.10        0.00

Type     Name                                                                          # reqs      # fails |    Avg     Min     Max    Med |   req/s  failures/s
--------|----------------------------------------------------------------------------|-------|-------------|-------|-------|-------|-------|--------|-----------
POST     /auth/login                                                                      371     0(0.00%) |   1117     269    5214    940 |   22.10        0.00
POST     /auth/refresh                                                                    126     0(0.00%) |    752      12    3711    580 |    7.30        0.00
GET      /me                                                                              707     0(0.00%) |    742       4    6449    590 |   40.60        0.00
POST     /users                                                                           167     0(0.00%) |   1183     317    3082   1000 |    9.60        0.00
--------|----------------------------------------------------------------------------|-------|-------------|-------|-------|-------|-------|--------|-----------
         Aggregated                                                                      1371     0(0.00%) |    899       4    6449    710 |   79.60        0.00

Type     Name                                                                          # reqs      # fails |    Avg     Min     Max    Med |   req/s  failures/s
--------|----------------------------------------------------------------------------|-------|-------------|-------|-------|-------|-------|--------|-----------
POST     /auth/login                                                                      414     0(0.00%) |   1184     269    5214    990 |   22.30        0.00
POST     /auth/refresh                                                                    146     0(0.00%) |    889      12    4849    660 |    7.60        0.00
GET      /me                                                                              775     0(0.00%) |    822       4    6449    640 |   44.70        0.00
POST     /users                                                                           179     0(0.00%) |   1227     317    3082   1100 |    9.70        0.00
--------|----------------------------------------------------------------------------|-------|-------------|-------|-------|-------|-------|--------|-----------
         Aggregated                                                                      1514     0(0.00%) |    975       4    6449    850 |   84.30        0.00

Type     Name                                                                          # reqs      # fails |    Avg     Min     Max    Med |   req/s  failures/s
--------|----------------------------------------------------------------------------|-------|-------------|-------|-------|-------|-------|--------|-----------
POST     /auth/login                                                                      460     0(0.00%) |   1260     269    5486   1000 |   22.30        0.00
POST     /auth/refresh                                                                    162     0(0.00%) |   1053      12    5796    900 |    7.90        0.00
GET      /me                                                                              873     0(0.00%) |    942       4    6449    710 |   42.90        0.00
POST     /users                                                                           197     0(0.00%) |   1327     317    4096   1200 |    8.50        0.00
--------|----------------------------------------------------------------------------|-------|-------------|-------|-------|-------|-------|--------|-----------
         Aggregated                                                                      1692     0(0.00%) |   1084       4    6449    940 |   81.60        0.00

Type     Name                                                                          # reqs      # fails |    Avg     Min     Max    Med |   req/s  failures/s
--------|----------------------------------------------------------------------------|-------|-------------|-------|-------|-------|-------|--------|-----------
POST     /auth/login                                                                      501     0(0.00%) |   1333     269    6220   1000 |   22.30        0.00
POST     /auth/refresh                                                                    175     0(0.00%) |   1138      12    5796   1000 |    8.00        0.00
GET      /me                                                                              943     0(0.00%) |   1035       4    6912    940 |   40.80        0.00
POST     /users                                                                           213     0(0.00%) |   1414     317    5682   1300 |    8.90        0.00
--------|----------------------------------------------------------------------------|-------|-------------|-------|-------|-------|-------|--------|-----------
         Aggregated                                                                      1832     0(0.00%) |   1170       4    6912   1000 |   80.00        0.00

Type     Name                                                                          # reqs      # fails |    Avg     Min     Max    Med |   req/s  failures/s
--------|----------------------------------------------------------------------------|-------|-------------|-------|-------|-------|-------|--------|-----------
POST     /auth/login                                                                      550     0(0.00%) |   1451     269    7681   1100 |   22.60        0.00
POST     /auth/refresh                                                                    188     0(0.00%) |   1216      12    5796   1000 |    8.10        0.00
GET      /me                                                                             1028     0(0.00%) |   1179       4    8799   1100 |   41.90        0.00
POST     /users                                                                           228     0(0.00%) |   1546     317    6947   1300 |    9.20        0.00
--------|----------------------------------------------------------------------------|-------|-------------|-------|-------|-------|-------|--------|-----------
         Aggregated                                                                      1994     0(0.00%) |   1299       4    8799   1100 |   81.80        0.00

Type     Name                                                                          # reqs      # fails |    Avg     Min     Max    Med |   req/s  failures/s
--------|----------------------------------------------------------------------------|-------|-------------|-------|-------|-------|-------|--------|-----------
POST     /auth/login                                                                      592     0(0.00%) |   1535     269    9061   1100 |   22.80        0.00
POST     /auth/refresh                                                                    212     0(0.00%) |   1349      12    5796   1100 |    7.70        0.00
GET      /me                                                                             1081     0(0.00%) |   1265       4    8799   1100 |   42.40        0.00
POST     /users                                                                           243     0(0.00%) |   1696     317    7143   1400 |    7.80        0.00
--------|----------------------------------------------------------------------------|-------|-------------|-------|-------|-------|-------|--------|-----------
         Aggregated                                                                      2128     0(0.00%) |   1398       4    9061   1100 |   80.70        0.00

Type     Name                                                                          # reqs      # fails |    Avg     Min     Max    Med |   req/s  failures/s
--------|----------------------------------------------------------------------------|-------|-------------|-------|-------|-------|-------|--------|-----------
POST     /auth/login                                                                      637     0(0.00%) |   1639     269    9061   1200 |   22.60        0.00
POST     /auth/refresh                                                                    222     0(0.00%) |   1402      12    5796   1200 |    8.80        0.00
GET      /me                                                                             1137     0(0.00%) |   1365       4   12354   1100 |   37.30        0.00
POST     /users                                                                           264     0(0.00%) |   1834     317    8542   1400 |    7.70        0.00
--------|----------------------------------------------------------------------------|-------|-------------|-------|-------|-------|-------|--------|-----------
         Aggregated                                                                      2260     0(0.00%) |   1501       4   12354   1200 |   76.40        0.00

Type     Name                                                                          # reqs      # fails |    Avg     Min     Max    Med |   req/s  failures/s
--------|----------------------------------------------------------------------------|-------|-------------|-------|-------|-------|-------|--------|-----------
POST     /auth/login                                                                      697     0(0.00%) |   1750     269    9061   1200 |   22.00        0.00
POST     /auth/refresh                                                                    239     0(0.00%) |   1578      12    8024   1300 |    7.90        0.00
GET      /me                                                                             1231     0(0.00%) |   1536       4   12354   1200 |   36.30        0.00
POST     /users                                                                           281     0(0.00%) |   2002     317    8542   1600 |    8.00        0.00
--------|----------------------------------------------------------------------------|-------|-------------|-------|-------|-------|-------|--------|-----------
         Aggregated                                                                      2448     0(0.00%) |   1654       4   12354   1300 |   74.20        0.00

Type     Name                                                                          # reqs      # fails |    Avg     Min     Max    Med |   req/s  failures/s
--------|----------------------------------------------------------------------------|-------|-------------|-------|-------|-------|-------|--------|-----------
POST     /auth/login                                                                      764     0(0.00%) |   1919     269   14902   1500 |   23.30        0.00
POST     /auth/refresh                                                                    256     0(0.00%) |   1647      12    8024   1400 |    7.90        0.00
GET      /me                                                                             1322     0(0.00%) |   1649       4   12354   1300 |   36.40        0.00
POST     /users                                                                           294     0(0.00%) |   2171     317    9150   1600 |    8.50        0.00
--------|----------------------------------------------------------------------------|-------|-------------|-------|-------|-------|-------|--------|-----------
         Aggregated                                                                      2636     0(0.00%) |   1785       4   14902   1400 |   76.10        0.00

Type     Name                                                                          # reqs      # fails |    Avg     Min     Max    Med |   req/s  failures/s
--------|----------------------------------------------------------------------------|-------|-------------|-------|-------|-------|-------|--------|-----------
POST     /auth/login                                                                      826     0(0.00%) |   2006     269   14902   1600 |   25.40        0.00
POST     /auth/refresh                                                                    275     0(0.00%) |   1774      12    8450   1500 |    7.70        0.00
GET      /me                                                                             1418     0(0.00%) |   1727       4   12354   1500 |   35.70        0.00
POST     /users                                                                           300     0(0.00%) |   2264     317    9150   1700 |    8.10        0.00
--------|----------------------------------------------------------------------------|-------|-------------|-------|-------|-------|-------|--------|-----------
         Aggregated                                                                      2819     0(0.00%) |   1871       4   14902   1500 |   76.90        0.00

Type     Name                                                                          # reqs      # fails |    Avg     Min     Max    Med |   req/s  failures/s
--------|----------------------------------------------------------------------------|-------|-------------|-------|-------|-------|-------|--------|-----------
POST     /auth/login                                                                      893     0(0.00%) |   2078     269   14902   1800 |   27.10        0.00
POST     /auth/refresh                                                                    300     0(0.00%) |   1818      12    8450   1800 |    8.60        0.00
GET      /me                                                                             1582     0(0.00%) |   1834       4   12354   1800 |   37.60        0.00
POST     /users                                                                           300     0(0.00%) |   2264     317    9150   1700 |    7.50        0.00
--------|----------------------------------------------------------------------------|-------|-------------|-------|-------|-------|-------|--------|-----------
         Aggregated                                                                      3075     0(0.00%) |   1945       4   14902   1800 |   80.80        0.00

Type     Name                                                                          # reqs      # fails |    Avg     Min     Max    Med |   req/s  failures/s
--------|----------------------------------------------------------------------------|-------|-------------|-------|-------|-------|-------|--------|-----------
POST     /auth/login                                                                      959     0(0.00%) |   2103     269   14902   1900 |   29.10        0.00
POST     /auth/refresh                                                                    337     0(0.00%) |   1846      12    8450   2000 |    8.10        0.00
GET      /me                                                                             1721     0(0.00%) |   1855       4   12354   2000 |   47.40        0.00
POST     /users                                                                           300     0(0.00%) |   2264     317    9150   1700 |    6.00        0.00
--------|----------------------------------------------------------------------------|-------|-------------|-------|-------|-------|-------|--------|-----------
         Aggregated                                                                      3317     0(0.00%) |   1963       4   14902   1900 |   90.60        0.00

Type     Name                                                                          # reqs      # fails |    Avg     Min     Max    Med |   req/s  failures/s
--------|----------------------------------------------------------------------------|-------|-------------|-------|-------|-------|-------|--------|-----------
POST     /auth/login                                                                     1019     0(0.00%) |   2098     269   14902   2000 |   31.50        0.00
POST     /auth/refresh                                                                    374     0(0.00%) |   1861      12    8450   2000 |   10.80        0.00
GET      /me                                                                             1888     0(0.00%) |   1865       4   12354   2000 |   57.40        0.00
POST     /users                                                                           300     0(0.00%) |   2264     317    9150   1700 |    4.40        0.00
--------|----------------------------------------------------------------------------|-------|-------------|-------|-------|-------|-------|--------|-----------
         Aggregated                                                                      3581     0(0.00%) |   1964       4   14902   2000 |  104.10        0.00

Type     Name                                                                          # reqs      # fails |    Avg     Min     Max    Med |   req/s  failures/s
--------|----------------------------------------------------------------------------|-------|-------------|-------|-------|-------|-------|--------|-----------
POST     /auth/login                                                                     1085     0(0.00%) |   2078     269   14902   2000 |   31.80        0.00
POST     /auth/refresh                                                                    407     0(0.00%) |   1850      12    8450   2000 |   12.90        0.00
GET      /me                                                                             2063     0(0.00%) |   1876       4   12354   1900 |   62.70        0.00
POST     /users                                                                           300     0(0.00%) |   2264     317    9150   1700 |    2.10        0.00
--------|----------------------------------------------------------------------------|-------|-------------|-------|-------|-------|-------|--------|-----------
         Aggregated                                                                      3855     0(0.00%) |   1960       4   14902   1900 |  109.50        0.00

Type     Name                                                                          # reqs      # fails |    Avg     Min     Max    Med |   req/s  failures/s
--------|----------------------------------------------------------------------------|-------|-------------|-------|-------|-------|-------|--------|-----------
POST     /auth/login                                                                     1152     0(0.00%) |   2093     269   14902   2100 |   32.10        0.00
POST     /auth/refresh                                                                    430     0(0.00%) |   1868      12    8450   2000 |   15.30        0.00
GET      /me                                                                             2215     0(0.00%) |   1905       4   12354   1900 |   72.40        0.00
POST     /users                                                                           300     0(0.00%) |   2264     317    9150   1700 |    0.70        0.00
--------|----------------------------------------------------------------------------|-------|-------------|-------|-------|-------|-------|--------|-----------
         Aggregated                                                                      4097     0(0.00%) |   1980       4   14902   2000 |  120.50        0.00

Type     Name                                                                          # reqs      # fails |    Avg     Min     Max    Med |   req/s  failures/s
--------|----------------------------------------------------------------------------|-------|-------------|-------|-------|-------|-------|--------|-----------
POST     /auth/login                                                                     1211     0(0.00%) |   2084     269   14902   2200 |   32.00        0.00
POST     /auth/refresh                                                                    461     0(0.00%) |   1897      12    8450   2000 |   15.00        0.00
GET      /me                                                                             2373     0(0.00%) |   1920       4   12354   2000 |   74.60        0.00
POST     /users                                                                           300     0(0.00%) |   2264     317    9150   1700 |    0.10        0.00
--------|----------------------------------------------------------------------------|-------|-------------|-------|-------|-------|-------|--------|-----------
         Aggregated                                                                      4345     0(0.00%) |   1987       4   14902   2000 |  121.70        0.00

Type     Name                                                                          # reqs      # fails |    Avg     Min     Max    Med |   req/s  failures/s
--------|----------------------------------------------------------------------------|-------|-------------|-------|-------|-------|-------|--------|-----------
POST     /auth/login                                                                     1270     0(0.00%) |   2091     269   14902   2200 |   32.00        0.00
POST     /auth/refresh                                                                    500     0(0.00%) |   1912      12    8450   2000 |   16.00        0.00
GET      /me                                                                             2529     0(0.00%) |   1933       4   12354   2000 |   78.90        0.00
POST     /users                                                                           300     0(0.00%) |   2264     317    9150   1700 |    0.00        0.00
--------|----------------------------------------------------------------------------|-------|-------------|-------|-------|-------|-------|--------|-----------
         Aggregated                                                                      4599     0(0.00%) |   1996       4   14902   2000 |  126.90        0.00

Type     Name                                                                          # reqs      # fails |    Avg     Min     Max    Med |   req/s  failures/s
--------|----------------------------------------------------------------------------|-------|-------------|-------|-------|-------|-------|--------|-----------
POST     /auth/login                                                                     1331     0(0.00%) |   2092     269   14902   2200 |   30.40        0.00
POST     /auth/refresh                                                                    522     0(0.00%) |   1931      12    8450   2000 |   15.90        0.00
GET      /me                                                                             2668     0(0.00%) |   1933       4   12354   2000 |   78.30        0.00
POST     /users                                                                           300     0(0.00%) |   2264     317    9150   1700 |    0.00        0.00
--------|----------------------------------------------------------------------------|-------|-------------|-------|-------|-------|-------|--------|-----------
         Aggregated                                                                      4821     0(0.00%) |   1997       4   14902   2000 |  124.60        0.00

Type     Name                                                                          # reqs      # fails |    Avg     Min     Max    Med |   req/s  failures/s
--------|----------------------------------------------------------------------------|-------|-------------|-------|-------|-------|-------|--------|-----------
POST     /auth/login                                                                     1394     0(0.00%) |   2093     269   14902   2200 |   30.90        0.00
POST     /auth/refresh                                                                    555     0(0.00%) |   1954      12    8450   2000 |   15.40        0.00
GET      /me                                                                             2822     0(0.00%) |   1943       4   12354   2000 |   79.70        0.00
POST     /users                                                                           300     0(0.00%) |   2264     317    9150   1700 |    0.00        0.00
--------|----------------------------------------------------------------------------|-------|-------------|-------|-------|-------|-------|--------|-----------
         Aggregated                                                                      5071     0(0.00%) |   2004       4   14902   2000 |  126.00        0.00

Type     Name                                                                          # reqs      # fails |    Avg     Min     Max    Med |   req/s  failures/s
--------|----------------------------------------------------------------------------|-------|-------------|-------|-------|-------|-------|--------|-----------
POST     /auth/login                                                                     1455     0(0.00%) |   2107     269   14902   2300 |   30.70        0.00
POST     /auth/refresh                                                                    584     0(0.00%) |   1965      12    8450   2000 |   14.20        0.00
GET      /me                                                                             2957     0(0.00%) |   1965       4   12354   2000 |   76.50        0.00
POST     /users                                                                           300     0(0.00%) |   2264     317    9150   1700 |    0.00        0.00
--------|----------------------------------------------------------------------------|-------|-------------|-------|-------|-------|-------|--------|-----------
         Aggregated                                                                      5296     0(0.00%) |   2021       4   14902   2000 |  121.40        0.00

Type     Name                                                                          # reqs      # fails |    Avg     Min     Max    Med |   req/s  failures/s
--------|----------------------------------------------------------------------------|-------|-------------|-------|-------|-------|-------|--------|-----------
POST     /auth/login                                                                     1509     0(0.00%) |   2117     269   14902   2300 |   30.50        0.00
POST     /auth/refresh                                                                    605     0(0.00%) |   1974      12    8450   2100 |   15.00        0.00
GET      /me                                                                             3105     0(0.00%) |   1983       4   12354   2000 |   77.40        0.00
POST     /users                                                                           300     0(0.00%) |   2264     317    9150   1700 |    0.00        0.00
--------|----------------------------------------------------------------------------|-------|-------------|-------|-------|-------|-------|--------|-----------
         Aggregated                                                                      5519     0(0.00%) |   2034       4   14902   2100 |  122.90        0.00

Type     Name                                                                          # reqs      # fails |    Avg     Min     Max    Med |   req/s  failures/s
--------|----------------------------------------------------------------------------|-------|-------------|-------|-------|-------|-------|--------|-----------
POST     /auth/login                                                                     1570     0(0.00%) |   2124     269   14902   2300 |   29.80        0.00
POST     /auth/refresh                                                                    639     0(0.00%) |   1984      12    8450   2100 |   14.50        0.00
GET      /me                                                                             3252     0(0.00%) |   1996       4   12354   2000 |   73.50        0.00
POST     /users                                                                           300     0(0.00%) |   2264     317    9150   1700 |    0.00        0.00
--------|----------------------------------------------------------------------------|-------|-------------|-------|-------|-------|-------|--------|-----------
         Aggregated                                                                      5761     0(0.00%) |   2043       4   14902   2100 |  117.80        0.00

Type     Name                                                                          # reqs      # fails |    Avg     Min     Max    Med |   req/s  failures/s
--------|----------------------------------------------------------------------------|-------|-------------|-------|-------|-------|-------|--------|-----------
POST     /auth/login                                                                     1624     0(0.00%) |   2128     269   14902   2300 |   30.20        0.00
POST     /auth/refresh                                                                    667     0(0.00%) |   2005      12    8450   2100 |   14.00        0.00
GET      /me                                                                             3399     0(0.00%) |   2007       4   12354   2100 |   72.00        0.00
POST     /users                                                                           300     0(0.00%) |   2264     317    9150   1700 |    0.00        0.00
--------|----------------------------------------------------------------------------|-------|-------------|-------|-------|-------|-------|--------|-----------
         Aggregated                                                                      5990     0(0.00%) |   2053       4   14902   2100 |  116.20        0.00

Type     Name                                                                          # reqs      # fails |    Avg     Min     Max    Med |   req/s  failures/s
--------|----------------------------------------------------------------------------|-------|-------------|-------|-------|-------|-------|--------|-----------
POST     /auth/login                                                                     1684     0(0.00%) |   2122     269   14902   2300 |   29.00        0.00
POST     /auth/refresh                                                                    707     0(0.00%) |   2010      12    8450   2100 |   14.10        0.00
GET      /me                                                                             3564     0(0.00%) |   2016       4   12354   2100 |   70.70        0.00
POST     /users                                                                           300     0(0.00%) |   2264     317    9150   1700 |    0.00        0.00
--------|----------------------------------------------------------------------------|-------|-------------|-------|-------|-------|-------|--------|-----------
         Aggregated                                                                      6255     0(0.00%) |   2056       4   14902   2100 |  113.80        0.00

Type     Name                                                                          # reqs      # fails |    Avg     Min     Max    Med |   req/s  failures/s
--------|----------------------------------------------------------------------------|-------|-------------|-------|-------|-------|-------|--------|-----------
POST     /auth/login                                                                     1744     0(0.00%) |   2119     269   14902   2300 |   28.50        0.00
POST     /auth/refresh                                                                    740     0(0.00%) |   2014      12    8450   2100 |   14.90        0.00
GET      /me                                                                             3723     0(0.00%) |   2019       4   12354   2100 |   72.90        0.00
POST     /users                                                                           300     0(0.00%) |   2264     317    9150   1700 |    0.00        0.00
--------|----------------------------------------------------------------------------|-------|-------------|-------|-------|-------|-------|--------|-----------
         Aggregated                                                                      6507     0(0.00%) |   2057       4   14902   2100 |  116.30        0.00

Type     Name                                                                          # reqs      # fails |    Avg     Min     Max    Med |   req/s  failures/s
--------|----------------------------------------------------------------------------|-------|-------------|-------|-------|-------|-------|--------|-----------
POST     /auth/login                                                                     1804     0(0.00%) |   2118     269   14902   2300 |   28.20        0.00
POST     /auth/refresh                                                                    769     0(0.00%) |   2030      12    8450   2100 |   16.40        0.00
GET      /me                                                                             3855     0(0.00%) |   2022       4   12354   2100 |   74.30        0.00
POST     /users                                                                           300     0(0.00%) |   2264     317    9150   1700 |    0.00        0.00
--------|----------------------------------------------------------------------------|-------|-------------|-------|-------|-------|-------|--------|-----------
         Aggregated                                                                      6728     0(0.00%) |   2060       4   14902   2100 |  118.90        0.00

Type     Name                                                                          # reqs      # fails |    Avg     Min     Max    Med |   req/s  failures/s
--------|----------------------------------------------------------------------------|-------|-------------|-------|-------|-------|-------|--------|-----------
POST     /auth/login                                                                     1870     0(0.00%) |   2115     269   14902   2400 |   29.40        0.00
POST     /auth/refresh                                                                    802     0(0.00%) |   2034      12    8450   2100 |   16.60        0.00
GET      /me                                                                             4023     0(0.00%) |   2032       4   12354   2100 |   77.10        0.00
POST     /users                                                                           300     0(0.00%) |   2264     317    9150   1700 |    0.00        0.00
--------|----------------------------------------------------------------------------|-------|-------------|-------|-------|-------|-------|--------|-----------
         Aggregated                                                                      6995     0(0.00%) |   2064       4   14902   2100 |  123.10        0.00

Type     Name                                                                          # reqs      # fails |    Avg     Min     Max    Med |   req/s  failures/s
--------|----------------------------------------------------------------------------|-------|-------------|-------|-------|-------|-------|--------|-----------
POST     /auth/login                                                                     1927     0(0.00%) |   2116     269   14902   2400 |   30.20        0.00
POST     /auth/refresh                                                                    832     0(0.00%) |   2039      12    8450   2100 |   16.50        0.00
GET      /me                                                                             4197     0(0.00%) |   2034       4   12354   2100 |   76.00        0.00
POST     /users                                                                           300     0(0.00%) |   2264     317    9150   1700 |    0.00        0.00
--------|----------------------------------------------------------------------------|-------|-------------|-------|-------|-------|-------|--------|-----------
         Aggregated                                                                      7256     0(0.00%) |   2066       4   14902   2100 |  122.70        0.00

Type     Name                                                                          # reqs      # fails |    Avg     Min     Max    Med |   req/s  failures/s
--------|----------------------------------------------------------------------------|-------|-------------|-------|-------|-------|-------|--------|-----------
POST     /auth/login                                                                     1987     0(0.00%) |   2113     269   14902   2300 |   30.50        0.00
POST     /auth/refresh                                                                    866     0(0.00%) |   2042      12    8450   2100 |   15.90        0.00
GET      /me                                                                             4341     0(0.00%) |   2034       4   12354   2000 |   77.80        0.00
POST     /users                                                                           300     0(0.00%) |   2264     317    9150   1700 |    0.00        0.00
--------|----------------------------------------------------------------------------|-------|-------------|-------|-------|-------|-------|--------|-----------
         Aggregated                                                                      7494     0(0.00%) |   2065       4   14902   2100 |  124.20        0.00

Type     Name                                                                          # reqs      # fails |    Avg     Min     Max    Med |   req/s  failures/s
--------|----------------------------------------------------------------------------|-------|-------------|-------|-------|-------|-------|--------|-----------
POST     /auth/login                                                                     2045     0(0.00%) |   2119     269   14902   2400 |   30.70        0.00
POST     /auth/refresh                                                                    898     0(0.00%) |   2057      12    8450   2100 |   15.50        0.00
GET      /me                                                                             4441     0(0.00%) |   2042       4   12354   2000 |   78.70        0.00
POST     /users                                                                           300     0(0.00%) |   2264     317    9150   1700 |    0.00        0.00
--------|----------------------------------------------------------------------------|-------|-------------|-------|-------|-------|-------|--------|-----------
         Aggregated                                                                      7684     0(0.00%) |   2073       4   14902   2100 |  124.90        0.00

Type     Name                                                                          # reqs      # fails |    Avg     Min     Max    Med |   req/s  failures/s
--------|----------------------------------------------------------------------------|-------|-------------|-------|-------|-------|-------|--------|-----------
POST     /auth/login                                                                     2100     0(0.00%) |   2130     269   14902   2400 |   30.00        0.00
POST     /auth/refresh                                                                    921     0(0.00%) |   2063      12    8450   2100 |   15.10        0.00
GET      /me                                                                             4592     0(0.00%) |   2057       4   12354   2100 |   73.90        0.00
POST     /users                                                                           300     0(0.00%) |   2264     317    9150   1700 |    0.00        0.00
--------|----------------------------------------------------------------------------|-------|-------------|-------|-------|-------|-------|--------|-----------
         Aggregated                                                                      7913     0(0.00%) |   2085       4   14902   2100 |  119.00        0.00

Type     Name                                                                          # reqs      # fails |    Avg     Min     Max    Med |   req/s  failures/s
--------|----------------------------------------------------------------------------|-------|-------------|-------|-------|-------|-------|--------|-----------
POST     /auth/login                                                                     2163     0(0.00%) |   2137     269   14902   2400 |   29.80        0.00
POST     /auth/refresh                                                                    950     0(0.00%) |   2068      12    8450   2100 |   14.70        0.00
GET      /me                                                                             4763     0(0.00%) |   2065       4   12354   2100 |   70.90        0.00
POST     /users                                                                           300     0(0.00%) |   2264     317    9150   1700 |    0.00        0.00
--------|----------------------------------------------------------------------------|-------|-------------|-------|-------|-------|-------|--------|-----------
         Aggregated                                                                      8176     0(0.00%) |   2092       4   14902   2100 |  115.40        0.00

Type     Name                                                                          # reqs      # fails |    Avg     Min     Max    Med |   req/s  failures/s
--------|----------------------------------------------------------------------------|-------|-------------|-------|-------|-------|-------|--------|-----------
POST     /auth/login                                                                     2227     0(0.00%) |   2134     269   14902   2400 |   29.00        0.00
POST     /auth/refresh                                                                    974     0(0.00%) |   2064      12    8450   2100 |   14.40        0.00
GET      /me                                                                             4889     0(0.00%) |   2063       4   12354   2100 |   74.00        0.00
POST     /users                                                                           300     0(0.00%) |   2264     317    9150   1700 |    0.00        0.00
--------|----------------------------------------------------------------------------|-------|-------------|-------|-------|-------|-------|--------|-----------
         Aggregated                                                                      8390     0(0.00%) |   2089       4   14902   2100 |  117.40        0.00

Type     Name                                                                          # reqs      # fails |    Avg     Min     Max    Med |   req/s  failures/s
--------|----------------------------------------------------------------------------|-------|-------------|-------|-------|-------|-------|--------|-----------
POST     /auth/login                                                                     2277     0(0.00%) |   2144     269   14902   2400 |   29.40        0.00
POST     /auth/refresh                                                                   1002     0(0.00%) |   2078      12    8450   2100 |   14.90        0.00
GET      /me                                                                             4975     0(0.00%) |   2075       4   12354   2100 |   72.50        0.00
POST     /users                                                                           300     0(0.00%) |   2264     317    9150   1700 |    0.00        0.00
--------|----------------------------------------------------------------------------|-------|-------------|-------|-------|-------|-------|--------|-----------
         Aggregated                                                                      8554     0(0.00%) |   2100       4   14902   2100 |  116.80        0.00

Type     Name                                                                          # reqs      # fails |    Avg     Min     Max    Med |   req/s  failures/s
--------|----------------------------------------------------------------------------|-------|-------------|-------|-------|-------|-------|--------|-----------
POST     /auth/login                                                                     2341     0(0.00%) |   2175     269   14902   2400 |   29.00        0.00
POST     /auth/refresh                                                                   1030     0(0.00%) |   2101      12    8450   2100 |   14.50        0.00
GET      /me                                                                             5092     0(0.00%) |   2096       4   12354   2100 |   64.50        0.00
POST     /users                                                                           300     0(0.00%) |   2264     317    9150   1700 |    0.00        0.00
--------|----------------------------------------------------------------------------|-------|-------------|-------|-------|-------|-------|--------|-----------
         Aggregated                                                                      8763     0(0.00%) |   2124       4   14902   2100 |  108.00        0.00

Type     Name                                                                          # reqs      # fails |    Avg     Min     Max    Med |   req/s  failures/s
--------|----------------------------------------------------------------------------|-------|-------------|-------|-------|-------|-------|--------|-----------
POST     /auth/login                                                                     2399     0(0.00%) |   2199     269   14902   2400 |   29.80        0.00
POST     /auth/refresh                                                                   1063     0(0.00%) |   2124      12    8450   2100 |   13.10        0.00
GET      /me                                                                             5186     0(0.00%) |   2107       4   12354   2100 |   63.70        0.00
POST     /users                                                                           300     0(0.00%) |   2264     317    9150   1700 |    0.00        0.00
--------|----------------------------------------------------------------------------|-------|-------------|-------|-------|-------|-------|--------|-----------
         Aggregated                                                                      8948     0(0.00%) |   2139       4   14902   2100 |  106.60        0.00

Type     Name                                                                          # reqs      # fails |    Avg     Min     Max    Med |   req/s  failures/s
--------|----------------------------------------------------------------------------|-------|-------------|-------|-------|-------|-------|--------|-----------
POST     /auth/login                                                                     2460     0(0.00%) |   2202     269   14902   2400 |   29.00        0.00
POST     /auth/refresh                                                                   1089     0(0.00%) |   2122      12    8450   2100 |   13.70        0.00
GET      /me                                                                             5378     0(0.00%) |   2112       4   12354   2100 |   60.30        0.00
POST     /users                                                                           300     0(0.00%) |   2264     317    9150   1700 |    0.00        0.00
--------|----------------------------------------------------------------------------|-------|-------------|-------|-------|-------|-------|--------|-----------
         Aggregated                                                                      9227     0(0.00%) |   2142       4   14902   2100 |  103.00        0.00

Type     Name                                                                          # reqs      # fails |    Avg     Min     Max    Med |   req/s  failures/s
--------|----------------------------------------------------------------------------|-------|-------------|-------|-------|-------|-------|--------|-----------
POST     /auth/login                                                                     2521     0(0.00%) |   2200     269   14902   2400 |   29.80        0.00
POST     /auth/refresh                                                                   1125     0(0.00%) |   2120      12    8450   2100 |   14.50        0.00
GET      /me                                                                             5571     0(0.00%) |   2103       4   12354   2100 |   61.50        0.00
POST     /users                                                                           300     0(0.00%) |   2264     317    9150   1700 |    0.00        0.00
--------|----------------------------------------------------------------------------|-------|-------------|-------|-------|-------|-------|--------|-----------
         Aggregated                                                                      9517     0(0.00%) |   2136       4   14902   2100 |  105.80        0.00

Type     Name                                                                          # reqs      # fails |    Avg     Min     Max    Med |   req/s  failures/s
--------|----------------------------------------------------------------------------|-------|-------------|-------|-------|-------|-------|--------|-----------
POST     /auth/login                                                                     2587     0(0.00%) |   2198     269   14902   2400 |   29.50        0.00
POST     /auth/refresh                                                                   1159     0(0.00%) |   2121      12    8450   2100 |   14.00        0.00
GET      /me                                                                             5755     0(0.00%) |   2102       4   12354   2100 |   64.50        0.00
POST     /users                                                                           300     0(0.00%) |   2264     317    9150   1700 |    0.00        0.00
--------|----------------------------------------------------------------------------|-------|-------------|-------|-------|-------|-------|--------|-----------
         Aggregated                                                                      9801     0(0.00%) |   2134       4   14902   2100 |  108.00        0.00

Type     Name                                                                          # reqs      # fails |    Avg     Min     Max    Med |   req/s  failures/s
--------|----------------------------------------------------------------------------|-------|-------------|-------|-------|-------|-------|--------|-----------
POST     /auth/login                                                                     2645     0(0.00%) |   2192     269   14902   2400 |   30.30        0.00
POST     /auth/refresh                                                                   1194     0(0.00%) |   2109      12    8450   2100 |   14.30        0.00
GET      /me                                                                             5915     0(0.00%) |   2091       4   12354   2000 |   70.30        0.00
POST     /users                                                                           300     0(0.00%) |   2264     317    9150   1700 |    0.00        0.00
--------|----------------------------------------------------------------------------|-------|-------------|-------|-------|-------|-------|--------|-----------
         Aggregated                                                                     10054     0(0.00%) |   2125       4   14902   2100 |  114.90        0.00

Type     Name                                                                          # reqs      # fails |    Avg     Min     Max    Med |   req/s  failures/s
--------|----------------------------------------------------------------------------|-------|-------------|-------|-------|-------|-------|--------|-----------
POST     /auth/login                                                                     2708     0(0.00%) |   2190     269   14902   2400 |   30.40        0.00
POST     /auth/refresh                                                                   1220     0(0.00%) |   2109      12    8450   2100 |   16.30        0.00
GET      /me                                                                             6077     0(0.00%) |   2086       4   12354   2000 |   82.80        0.00
POST     /users                                                                           300     0(0.00%) |   2264     317    9150   1700 |    0.00        0.00
--------|----------------------------------------------------------------------------|-------|-------------|-------|-------|-------|-------|--------|-----------
         Aggregated                                                                     10305     0(0.00%) |   2121       4   14902   2100 |  129.50        0.00

Type     Name                                                                          # reqs      # fails |    Avg     Min     Max    Med |   req/s  failures/s
--------|----------------------------------------------------------------------------|-------|-------------|-------|-------|-------|-------|--------|-----------
POST     /auth/login                                                                     2774     0(0.00%) |   2184     269   14902   2400 |   30.70        0.00
POST     /auth/refresh                                                                   1251     0(0.00%) |   2106      12    8450   2100 |   15.90        0.00
GET      /me                                                                             6270     0(0.00%) |   2080       4   12354   2000 |   87.30        0.00
POST     /users                                                                           300     0(0.00%) |   2264     317    9150   1700 |    0.00        0.00
--------|----------------------------------------------------------------------------|-------|-------------|-------|-------|-------|-------|--------|-----------
         Aggregated                                                                     10595     0(0.00%) |   2116       4   14902   2100 |  133.90        0.00

Type     Name                                                                          # reqs      # fails |    Avg     Min     Max    Med |   req/s  failures/s
--------|----------------------------------------------------------------------------|-------|-------------|-------|-------|-------|-------|--------|-----------
POST     /auth/login                                                                     2840     0(0.00%) |   2175     269   14902   2300 |   31.00        0.00
POST     /auth/refresh                                                                   1281     0(0.00%) |   2105      12    8450   2100 |   15.70        0.00
GET      /me                                                                             6422     0(0.00%) |   2079       4   12354   2000 |   87.60        0.00
POST     /users                                                                           300     0(0.00%) |   2264     317    9150   1700 |    0.00        0.00
--------|----------------------------------------------------------------------------|-------|-------------|-------|-------|-------|-------|--------|-----------
         Aggregated                                                                     10843     0(0.00%) |   2112       4   14902   2100 |  134.30        0.00

Type     Name                                                                          # reqs      # fails |    Avg     Min     Max    Med |   req/s  failures/s
--------|----------------------------------------------------------------------------|-------|-------------|-------|-------|-------|-------|--------|-----------
POST     /auth/login                                                                     2902     0(0.00%) |   2171     269   14902   2300 |   31.60        0.00
POST     /auth/refresh                                                                   1305     0(0.00%) |   2110      12    8450   2100 |   15.80        0.00
GET      /me                                                                             6605     0(0.00%) |   2076       4   12354   2000 |   83.80        0.00
POST     /users                                                                           300     0(0.00%) |   2264     317    9150   1700 |    0.00        0.00
--------|----------------------------------------------------------------------------|-------|-------------|-------|-------|-------|-------|--------|-----------
         Aggregated                                                                     11112     0(0.00%) |   2110       4   14902   2100 |  131.20        0.00

Type     Name                                                                          # reqs      # fails |    Avg     Min     Max    Med |   req/s  failures/s
--------|----------------------------------------------------------------------------|-------|-------------|-------|-------|-------|-------|--------|-----------
POST     /auth/login                                                                     2968     0(0.00%) |   2164     269   14902   2300 |   31.70        0.00
POST     /auth/refresh                                                                   1330     0(0.00%) |   2106      12    8450   2100 |   16.20        0.00
GET      /me                                                                             6742     0(0.00%) |   2077       4   12354   2000 |   88.30        0.00
POST     /users                                                                           300     0(0.00%) |   2264     317    9150   1700 |    0.00        0.00
--------|----------------------------------------------------------------------------|-------|-------------|-------|-------|-------|-------|--------|-----------
         Aggregated                                                                     11340     0(0.00%) |   2108       4   14902   2100 |  136.20        0.00

Type     Name                                                                          # reqs      # fails |    Avg     Min     Max    Med |   req/s  failures/s
--------|----------------------------------------------------------------------------|-------|-------------|-------|-------|-------|-------|--------|-----------
POST     /auth/login                                                                     3029     0(0.00%) |   2169     269   14902   2400 |   32.00        0.00
POST     /auth/refresh                                                                   1355     0(0.00%) |   2103      12    8450   2100 |   14.30        0.00
GET      /me                                                                             6897     0(0.00%) |   2082       4   12354   2000 |   83.20        0.00
POST     /users                                                                           300     0(0.00%) |   2264     317    9150   1700 |    0.00        0.00
--------|----------------------------------------------------------------------------|-------|-------------|-------|-------|-------|-------|--------|-----------
         Aggregated                                                                     11581     0(0.00%) |   2112       4   14902   2100 |  129.50        0.00

Type     Name                                                                          # reqs      # fails |    Avg     Min     Max    Med |   req/s  failures/s
--------|----------------------------------------------------------------------------|-------|-------------|-------|-------|-------|-------|--------|-----------
POST     /auth/login                                                                     3093     0(0.00%) |   2167     269   14902   2400 |   32.30        0.00
POST     /auth/refresh                                                                   1375     0(0.00%) |   2102      12    8450   2100 |   13.70        0.00
GET      /me                                                                             7064     0(0.00%) |   2082       4   12354   2000 |   81.70        0.00
POST     /users                                                                           300     0(0.00%) |   2264     317    9150   1700 |    0.00        0.00
--------|----------------------------------------------------------------------------|-------|-------------|-------|-------|-------|-------|--------|-----------
         Aggregated                                                                     11832     0(0.00%) |   2111       4   14902   2100 |  127.70        0.00

Type     Name                                                                          # reqs      # fails |    Avg     Min     Max    Med |   req/s  failures/s
--------|----------------------------------------------------------------------------|-------|-------------|-------|-------|-------|-------|--------|-----------
POST     /auth/login                                                                     3155     0(0.00%) |   2167     269   14902   2400 |   31.60        0.00
POST     /auth/refresh                                                                   1403     0(0.00%) |   2105      12    8450   2100 |   12.70        0.00
GET      /me                                                                             7203     0(0.00%) |   2084       4   12354   2000 |   81.30        0.00
POST     /users                                                                           300     0(0.00%) |   2264     317    9150   1700 |    0.00        0.00
--------|----------------------------------------------------------------------------|-------|-------------|-------|-------|-------|-------|--------|-----------
         Aggregated                                                                     12061     0(0.00%) |   2113       4   14902   2100 |  125.60        0.00

Type     Name                                                                          # reqs      # fails |    Avg     Min     Max    Med |   req/s  failures/s
--------|----------------------------------------------------------------------------|-------|-------------|-------|-------|-------|-------|--------|-----------
POST     /auth/login                                                                     3213     0(0.00%) |   2173     269   14902   2400 |   31.50        0.00
POST     /auth/refresh                                                                   1439     0(0.00%) |   2114      12    8450   2100 |   12.80        0.00
GET      /me                                                                             7332     0(0.00%) |   2090       4   12354   2000 |   82.20        0.00
POST     /users                                                                           300     0(0.00%) |   2264     317    9150   1700 |    0.00        0.00
--------|----------------------------------------------------------------------------|-------|-------------|-------|-------|-------|-------|--------|-----------
         Aggregated                                                                     12284     0(0.00%) |   2119       4   14902   2100 |  126.50        0.00

Type     Name                                                                          # reqs      # fails |    Avg     Min     Max    Med |   req/s  failures/s
--------|----------------------------------------------------------------------------|-------|-------------|-------|-------|-------|-------|--------|-----------
POST     /auth/login                                                                     3272     0(0.00%) |   2174     269   14902   2400 |   31.20        0.00
POST     /auth/refresh                                                                   1463     0(0.00%) |   2114      12    8450   2100 |   11.60        0.00
GET      /me                                                                             7456     0(0.00%) |   2100       4   12354   2000 |   74.00        0.00
POST     /users                                                                           300     0(0.00%) |   2264     317    9150   1700 |    0.00        0.00
--------|----------------------------------------------------------------------------|-------|-------------|-------|-------|-------|-------|--------|-----------
         Aggregated                                                                     12491     0(0.00%) |   2125       4   14902   2100 |  116.80        0.00

Type     Name                                                                          # reqs      # fails |    Avg     Min     Max    Med |   req/s  failures/s
--------|----------------------------------------------------------------------------|-------|-------------|-------|-------|-------|-------|--------|-----------
POST     /auth/login                                                                     3322     0(0.00%) |   2177     269   14902   2400 |   30.20        0.00
POST     /auth/refresh                                                                   1498     0(0.00%) |   2118      12    8450   2100 |   12.80        0.00
GET      /me                                                                             7611     0(0.00%) |   2104       4   12354   2000 |   69.30        0.00
POST     /users                                                                           300     0(0.00%) |   2264     317    9150   1700 |    0.00        0.00
--------|----------------------------------------------------------------------------|-------|-------------|-------|-------|-------|-------|--------|-----------
         Aggregated                                                                     12731     0(0.00%) |   2128       4   14902   2100 |  112.30        0.00

Type     Name                                                                          # reqs      # fails |    Avg     Min     Max    Med |   req/s  failures/s
--------|----------------------------------------------------------------------------|-------|-------------|-------|-------|-------|-------|--------|-----------
POST     /auth/login                                                                     3381     0(0.00%) |   2169     269   14902   2400 |   28.13        0.00
POST     /auth/refresh                                                                   1529     0(0.00%) |   2119      12    8450   2100 |   12.72        0.00
GET      /me                                                                             7748     0(0.00%) |   2100       4   12354   2000 |   64.46        0.00
POST     /users                                                                           300     0(0.00%) |   2264     317    9150   1700 |    2.50        0.00
--------|----------------------------------------------------------------------------|-------|-------------|-------|-------|-------|-------|--------|-----------
         Aggregated                                                                     12958     0(0.00%) |   2124       4   14902   2100 |  107.80        0.00

Response time percentiles (approximated)
Type     Name                                                                                  50%    66%    75%    80%    90%    95%    98%    99%  99.9% 99.99%   100% # reqs
--------|--------------------------------------------------------------------------------|--------|------|------|------|------|------|------|------|------|------|------|------
POST     /auth/login                                                                          2400   2600   2700   2900   3400   4600   5800   6300   9100  15000  15000   3381
POST     /auth/refresh                                                                        2100   2200   2400   2500   3100   4100   4800   5600   8000   8500   8500   1529
GET      /me                                                                                  2000   2200   2300   2400   3400   4200   5200   5800   8600  12000  12000   7748
POST     /users                                                                               1700   2600   3200   3500   5400   6400   7500   9000   9200   9200   9200    300
--------|--------------------------------------------------------------------------------|--------|------|------|------|------|------|------|------|------|------|------|------
         Aggregated                                                                           2100   2300   2500   2600   3500   4300   5400   6200   9000  12000  15000  12958

